Category,CategoryID,GO,Description,PARENT_GO,LogP,Enrichment,Z-score,#TotalGeneInLibrary,#GeneInGO,#GeneInHitList,#GeneInGOAndHitList,%InGO,STDV %InGO,GeneID,Hits,Log(q-value),GeneList
GO Biological Processes,19,GO:0045063,T-helper 1 cell differentiation,19_GO:0002376 immune system process,-5.2,18,9.1,20504,24,234,5,2.1,0.95,12775|16182|16190|16842|20351,Ccr7|Il18r1|Il4ra|Lef1|Sema4a,-1.3,Geneid
KEGG Pathway,24,ko04390,Hippo signaling pathway,,-4.9,5.7,6.3,20504,154,234,10,4.3,1.3,12550|15901|15902|16842|17127|17869|21416|22630|170770|216033,Cdh1|Id1|Id2|Lef1|Smad3|Myc|Tcf7l2|Ywhaq|Bbc3|Ctnna3,-1.3,Geneid
GO Biological Processes,19,GO:0042330,taxis,19_GO:0040011 locomotion,-4.9,2.9,5.3,20504,628,234,21,9,1.9,12769|12775|13609|13723|14083|14131|14159|14268|15902|16842|17101|17127|18028|18578|20304|20343|20351|80901|93691|223435|545156,Ccr9|Ccr7|S1pr1|Emb|Ptk2|Fcgr3|Fes|Fn1|Id2|Lef1|Lyst|Smad3|Nfib|Pde4b|Ccl5|Sell|Sema4a|Cxcr6|Klf7|Trio|Kalrn,-1.3,Geneid
KEGG Pathway,24,mmu04390,Hippo signaling pathway,,-4.9,5.6,6.2,20504,157,234,10,4.3,1.3,12550|15901|15902|16842|17127|17869|21416|22630|170770|216033,Cdh1|Id1|Id2|Lef1|Smad3|Myc|Tcf7l2|Ywhaq|Bbc3|Ctnna3,-1.3,Geneid
KEGG Pathway,24,ko05213,Endometrial cancer,,-4.7,11,7.2,20504,50,234,6,2.6,1,12550|16842|17869|18708|21416|216033,Cdh1|Lef1|Myc|Pik3r1|Tcf7l2|Ctnna3,-1.3,Geneid
WikiPathways,27,WP512,Id signaling pathway,,-4.6,10,7.2,20504,51,234,6,2.6,1,11482|11910|15901|15902|17127|21416,Acvrl1|Atf3|Id1|Id2|Smad3|Tcf7l2,-1.3,Geneid
GO Biological Processes,19,GO:0045596,negative regulation of cell differentiation,19_GO:0048519 negative regulation of biological process,-4.5,2.7,4.9,20504,723,234,22,9.4,1.9,11482|12579|14083|15901|15902|16190|17127|17869|18479|18514|18708|19055|20351|21416|22695|26365|50794|68010|223435|228775|252973|329278,Acvrl1|Cdkn2b|Ptk2|Id1|Id2|Il4ra|Smad3|Myc|Pak1|Pbx1|Pik3r1|Ppp3ca|Sema4a|Tcf7l2|Zfp36|Ceacam1|Klf13|Bambi|Trio|Trib3|Grhl2|Tnn,-1.3,Geneid
GO Biological Processes,19,GO:0016202,regulation of striated muscle tissue development,19_GO:0032502 developmental process,-4.5,9.9,7,20504,53,234,6,2.6,1,11555|12043|14605|16842|17127|21416,Adrb2|Bcl2|Tsc22d3|Lef1|Smad3|Tcf7l2,-1.3,Geneid
KEGG Pathway,24,mmu05213,Endometrial cancer,,-4.5,9.9,7,20504,53,234,6,2.6,1,12550|16842|17869|18708|21416|216033,Cdh1|Lef1|Myc|Pik3r1|Tcf7l2|Ctnna3,-1.3,Geneid
GO Biological Processes,19,GO:0006935,chemotaxis,19_GO:0040011 locomotion,-4.5,2.8,4.9,20504,623,234,20,8.5,1.8,12769|12775|13609|13723|14083|14131|14159|14268|16842|17101|17127|18028|18578|20304|20343|20351|80901|93691|223435|545156,Ccr9|Ccr7|S1pr1|Emb|Ptk2|Fcgr3|Fes|Fn1|Lef1|Lyst|Smad3|Nfib|Pde4b|Ccl5|Sell|Sema4a|Cxcr6|Klf7|Trio|Kalrn,-1.3,Geneid
GO Biological Processes,19,GO:1901861,regulation of muscle tissue development,19_GO:0032502 developmental process,-4.4,9.4,6.8,20504,56,234,6,2.6,1,11555|12043|14605|16842|17127|21416,Adrb2|Bcl2|Tsc22d3|Lef1|Smad3|Tcf7l2,-1.3,Geneid
KEGG Pathway,24,ko05222,Small cell lung cancer,,-4.3,7.4,6.3,20504,83,234,7,3,1.1,12043|12579|12826|14083|14268|17869|18708,Bcl2|Cdkn2b|Col4a1|Ptk2|Fn1|Myc|Pik3r1,-1.3,Geneid
GO Biological Processes,19,GO:0048634,regulation of muscle organ development,19_GO:0032502 developmental process,-4.3,9.2,6.7,20504,57,234,6,2.6,1,11555|12043|14605|16842|17127|21416,Adrb2|Bcl2|Tsc22d3|Lef1|Smad3|Tcf7l2,-1.3,Geneid
KEGG Pathway,24,ko04310,Wnt signaling pathway,,-4.3,5.4,5.7,20504,146,234,9,3.8,1.3,12322|16842|17127|17869|18752|19055|20437|21416|68010,Camk2a|Lef1|Smad3|Myc|Prkcg|Ppp3ca|Siah1a|Tcf7l2|Bambi,-1.3,Geneid
GO Biological Processes,19,GO:0046631,alpha-beta T cell activation,19_GO:0002376 immune system process,-4.3,4.8,5.5,20504,183,234,10,4.3,1.3,12043|12775|16182|16190|16842|20230|20351|22165|26365|545030,Bcl2|Ccr7|Il18r1|Il4ra|Lef1|Satb1|Sema4a|Txk|Ceacam1|Wdfy4,-1.3,Geneid
KEGG Pathway,24,mmu04310,Wnt signaling pathway,,-4.3,5.3,5.7,20504,148,234,9,3.8,1.3,12322|16842|17127|17869|18752|19055|20437|21416|68010,Camk2a|Lef1|Smad3|Myc|Prkcg|Ppp3ca|Siah1a|Tcf7l2|Bambi,-1.3,Geneid
WikiPathways,27,WP85,Focal adhesion,,-4.3,4.7,5.5,20504,185,234,10,4.3,1.3,12043|12826|14083|14268|18479|18708|22165|22793|320207|329278,Bcl2|Col4a1|Ptk2|Fn1|Pak1|Pik3r1|Txk|Zyx|Pik3r5|Tnn,-1.3,Geneid
GO Biological Processes,19,GO:0043149,stress fiber assembly,19_GO:0009987 cellular process,-4.2,6,5.9,20504,116,234,8,3.4,1.2,13609|17127|18479|18708|22793|50490|50525|66214,S1pr1|Smad3|Pak1|Pik3r1|Zyx|Nox4|Spag6l|Rgcc,-1.3,Geneid
GO Biological Processes,19,GO:0030038,contractile actin filament bundle assembly,19_GO:0009987 cellular process,-4.2,6,5.9,20504,116,234,8,3.4,1.2,13609|17127|18479|18708|22793|50490|50525|66214,S1pr1|Smad3|Pak1|Pik3r1|Zyx|Nox4|Spag6l|Rgcc,-1.3,Geneid
GO Biological Processes,19,GO:0048813,dendrite morphogenesis,19_GO:0032502 developmental process,-4.2,4.7,5.5,20504,186,234,10,4.3,1.3,12322|13048|13631|15901|17999|18174|19055|93691|329152|545156,Camk2a|Cux2|Eef2k|Id1|Nedd4|Slc11a2|Ppp3ca|Klf7|Hecw2|Kalrn,-1.3,Geneid
KEGG Pathway,24,mmu05222,Small cell lung cancer,,-4.2,7.1,6.1,20504,86,234,7,3,1.1,12043|12579|12826|14083|14268|17869|18708,Bcl2|Cdkn2b|Col4a1|Ptk2|Fn1|Myc|Pik3r1,-1.3,Geneid
GO Biological Processes,19,GO:0031667,response to nutrient levels,19_GO:0050896 response to stimulus,-4.2,3.4,5,20504,358,234,14,6,1.6,11555|11910|12043|12579|14159|18752|18812|21416|22695|52187|66148|73094|237253|320311,Adrb2|Atf3|Bcl2|Cdkn2b|Fes|Prkcg|Prl2c3|Tcf7l2|Zfp36|Rragd|Dnajc15|Sgip1|Lrp11|Rnf152,-1.2,Geneid
GO Biological Processes,19,GO:0048667,cell morphogenesis involved in neuron differentiation,19_GO:0032502 developmental process,-4.2,2.7,4.7,20504,657,234,20,8.5,1.8,12043|12322|13048|13631|13723|14083|14268|15901|15902|17999|18028|18174|18479|19055|20351|93691|223435|329152|329278|545156,Bcl2|Camk2a|Cux2|Eef2k|Emb|Ptk2|Fn1|Id1|Id2|Nedd4|Nfib|Slc11a2|Pak1|Ppp3ca|Sema4a|Klf7|Trio|Hecw2|Tnn|Kalrn,-1.2,Geneid
KEGG Pathway,24,ko05210,Colorectal cancer,,-4.1,8.5,6.3,20504,62,234,6,2.6,1,12043|16842|17127|17869|18708|21416,Bcl2|Lef1|Smad3|Myc|Pik3r1|Tcf7l2,-1.2,Geneid
GO Biological Processes,19,GO:0030155,regulation of cell adhesion,19_GO:0022610 biological adhesion,-4.1,2.5,4.6,20504,772,234,22,9.4,1.9,11482|11555|11898|12043|12550|12775|13609|14083|14159|14268|16190|16197|16842|17127|18708|18793|19055|20304|26365|66214|94212|320832,Acvrl1|Adrb2|Ass1|Bcl2|Cdh1|Ccr7|S1pr1|Ptk2|Fes|Fn1|Il4ra|Il7r|Lef1|Smad3|Pik3r1|Plaur|Ppp3ca|Ccl5|Ceacam1|Rgcc|Pag1|Sirpb1a,-1.2,Geneid
GO Biological Processes,19,GO:0014911,positive regulation of smooth muscle cell migration,19_GO:0040011 locomotion,-4.1,8.3,6.3,20504,63,234,6,2.6,1,12043|14083|17869|18479|20304|50490,Bcl2|Ptk2|Myc|Pak1|Ccl5|Nox4,-1.2,Geneid
GO Biological Processes,19,GO:0070230,positive regulation of lymphocyte apoptotic process,19_GO:0048518 positive regulation of biological process,-4.1,17,7.7,20504,21,234,4,1.7,0.85,17869|20304|26365|170770,Myc|Ccl5|Ceacam1|Bbc3,-1.2,Geneid
GO Biological Processes,19,GO:0048814,regulation of dendrite morphogenesis,19_GO:0032502 developmental process,-4,6.6,5.8,20504,93,234,7,3,1.1,13048|13631|15901|17999|19055|329152|545156,Cux2|Eef2k|Id1|Nedd4|Ppp3ca|Hecw2|Kalrn,-1.2,Geneid
KEGG Pathway,24,mmu05210,Colorectal cancer,,-4,8,6.1,20504,66,234,6,2.6,1,12043|16842|17127|17869|18708|21416,Bcl2|Lef1|Smad3|Myc|Pik3r1|Tcf7l2,-1.2,Geneid
Reactome Gene Sets,6,R-MMU-4086398,Ca2+ pathway,,-4,10,6.6,20504,42,234,5,2.1,0.95,12322|16842|18587|19055|21416,Camk2a|Lef1|Pde6b|Ppp3ca|Tcf7l2,-1.1,Geneid
GO Biological Processes,19,GO:0030099,myeloid cell differentiation,19_GO:0002376 immune system process,-3.9,3.1,4.7,20504,428,234,15,6.4,1.6,12775|14159|14247|15203|15902|16598|16842|17869|18174|18708|20304|22695|26365|50794|224109,Ccr7|Fes|Fli1|Heph|Id2|Klf2|Lef1|Myc|Slc11a2|Pik3r1|Ccl5|Zfp36|Ceacam1|Klf13|Nrros,-1.1,Geneid
GO Biological Processes,19,GO:0002521,leukocyte differentiation,19_GO:0002376 immune system process,-3.9,2.6,4.5,20504,633,234,19,8.1,1.8,12043|12769|12775|14159|15902|16182|16190|16197|16842|17305|17869|18514|18708|20230|20304|20351|22165|26365|224109,Bcl2|Ccr9|Ccr7|Fes|Id2|Il18r1|Il4ra|Il7r|Lef1|Mfng|Myc|Pbx1|Pik3r1|Satb1|Ccl5|Sema4a|Txk|Ceacam1|Nrros,-1.1,Geneid
GO Biological Processes,19,GO:0022408,negative regulation of cell-cell adhesion,19_GO:0022610 biological adhesion,-3.9,4.3,5,20504,206,234,10,4.3,1.3,11555|11898|12550|14083|16190|16842|18708|26365|66214|94212,Adrb2|Ass1|Cdh1|Ptk2|Il4ra|Lef1|Pik3r1|Ceacam1|Rgcc|Pag1,-1.1,Geneid
GO Biological Processes,19,GO:0046632,alpha-beta T cell differentiation,19_GO:0002376 immune system process,-3.9,5.3,5.3,20504,132,234,8,3.4,1.2,12043|12775|16182|16190|16842|20230|20351|22165,Bcl2|Ccr7|Il18r1|Il4ra|Lef1|Satb1|Sema4a|Txk,-1.1,Geneid
GO Biological Processes,19,GO:0070232,regulation of T cell apoptotic process,19_GO:0050789 regulation of biological process,-3.9,10,6.4,20504,44,234,5,2.1,0.95,14605|16197|20304|26365|170770,Tsc22d3|Il7r|Ccl5|Ceacam1|Bbc3,-1.1,Geneid
GO Biological Processes,19,GO:0060485,mesenchyme development,19_GO:0032502 developmental process,-3.8,3.6,4.8,20504,293,234,12,5.1,1.4,11482|12043|14268|16842|17127|17869|17999|18793|20351|21416|66214|68010,Acvrl1|Bcl2|Fn1|Lef1|Smad3|Myc|Nedd4|Plaur|Sema4a|Tcf7l2|Rgcc|Bambi,-1.1,Geneid
GO Biological Processes,19,GO:0031032,actomyosin structure organization,19_GO:0009987 cellular process,-3.8,4.2,5,20504,210,234,10,4.3,1.3,13609|17127|17888|18479|18708|22793|50490|50525|50874|66214,S1pr1|Smad3|Myh6|Pak1|Pik3r1|Zyx|Nox4|Spag6l|Tmod4|Rgcc,-1.1,Geneid
Reactome Gene Sets,6,R-MMU-4641265,Repression of WNT target genes,,-3.8,26,8.6,20504,10,234,3,1.3,0.74,16842|21416|21885,Lef1|Tcf7l2|Tle1,-1.1,Geneid
GO Biological Processes,19,GO:0001525,angiogenesis,19_GO:0032502 developmental process,-3.8,2.8,4.4,20504,541,234,17,7.3,1.7,11482|11555|12826|13609|14083|14268|15901|16598|16842|20304|20351|26365|66214|69219|72106|76905|105844,Acvrl1|Adrb2|Col4a1|S1pr1|Ptk2|Fn1|Id1|Klf2|Lef1|Ccl5|Sema4a|Ceacam1|Rgcc|Ddah1|Jmjd8|Lrg1|Card10,-1.1,Geneid
GO Biological Processes,19,GO:0009991,response to extracellular stimulus,19_GO:0050896 response to stimulus,-3.8,3.1,4.6,20504,391,234,14,6,1.6,11555|11910|12043|12579|14159|18752|18812|21416|22695|52187|66148|73094|237253|320311,Adrb2|Atf3|Bcl2|Cdkn2b|Fes|Prkcg|Prl2c3|Tcf7l2|Zfp36|Rragd|Dnajc15|Sgip1|Lrp11|Rnf152,-1.1,Geneid
GO Biological Processes,19,GO:1903131,mononuclear cell differentiation,19_GO:0002376 immune system process,-3.7,2.8,4.5,20504,492,234,16,6.8,1.6,12043|12769|12775|14159|15902|16182|16190|16197|16842|17305|17869|18514|18708|20230|20351|22165,Bcl2|Ccr9|Ccr7|Fes|Id2|Il18r1|Il4ra|Il7r|Lef1|Mfng|Myc|Pbx1|Pik3r1|Satb1|Sema4a|Txk,-1.1,Geneid
GO Biological Processes,19,GO:0014909,smooth muscle cell migration,19_GO:0040011 locomotion,-3.7,6,5.4,20504,103,234,7,3,1.1,12043|14083|17869|18479|20304|50490|545156,Bcl2|Ptk2|Myc|Pak1|Ccl5|Nox4|Kalrn,-1.1,Geneid
GO Biological Processes,19,GO:0051017,actin filament bundle assembly,19_GO:0009987 cellular process,-3.7,4.5,5,20504,175,234,9,3.8,1.3,13609|15901|17127|18479|18708|22793|50490|50525|66214,S1pr1|Id1|Smad3|Pak1|Pik3r1|Zyx|Nox4|Spag6l|Rgcc,-1.1,Geneid
GO Biological Processes,19,GO:0048812,neuron projection morphogenesis,19_GO:0032502 developmental process,-3.7,2.5,4.3,20504,710,234,20,8.5,1.8,12043|12322|13048|13631|13723|14083|14268|15901|17999|18028|18174|18479|19055|20351|50525|93691|223435|329152|329278|545156,Bcl2|Camk2a|Cux2|Eef2k|Emb|Ptk2|Fn1|Id1|Nedd4|Nfib|Slc11a2|Pak1|Ppp3ca|Sema4a|Spag6l|Klf7|Trio|Hecw2|Tnn|Kalrn,-1.1,Geneid
GO Biological Processes,19,GO:0051098,regulation of binding,19_GO:0065007 biological regulation,-3.7,3.1,4.5,20504,397,234,14,6,1.6,11555|15901|15902|16842|17127|17305|17869|18028|18793|19055|21416|68010|228775|278507,Adrb2|Id1|Id2|Lef1|Smad3|Mfng|Myc|Nfib|Plaur|Ppp3ca|Tcf7l2|Bambi|Trib3|Wfikkn2,-1.1,Geneid
GO Biological Processes,19,GO:0042110,T cell activation,19_GO:0002376 immune system process,-3.7,2.7,4.4,20504,550,234,17,7.3,1.7,12043|12769|12775|16182|16190|16197|16842|17127|17999|20230|20304|20351|22165|26365|94212|320832|545030,Bcl2|Ccr9|Ccr7|Il18r1|Il4ra|Il7r|Lef1|Smad3|Nedd4|Satb1|Ccl5|Sema4a|Txk|Ceacam1|Pag1|Sirpb1a|Wdfy4,-1.1,Geneid
GO Biological Processes,19,GO:0010718,positive regulation of epithelial to mesenchymal transition,19_GO:0048518 positive regulation of biological process,-3.7,9.1,6.1,20504,48,234,5,2.1,0.95,16842|17127|21416|66214|68010,Lef1|Smad3|Tcf7l2|Rgcc|Bambi,-1.1,Geneid
GO Biological Processes,19,GO:0061572,actin filament bundle organization,19_GO:0009987 cellular process,-3.7,4.4,4.9,20504,178,234,9,3.8,1.3,13609|15901|17127|18479|18708|22793|50490|50525|66214,S1pr1|Id1|Smad3|Pak1|Pik3r1|Zyx|Nox4|Spag6l|Rgcc,-1.1,Geneid
GO Biological Processes,19,GO:0048871,multicellular organismal homeostasis,19_GO:0032501 multicellular organismal process,-3.7,2.7,4.3,20504,553,234,17,7.3,1.7,11555|12043|12516|12550|13609|15901|16182|16190|18174|20304|26365|50490|73094|104871|231507|329003|381417,Adrb2|Bcl2|Cd7|Cdh1|S1pr1|Id1|Il18r1|Il4ra|Slc11a2|Ccl5|Ceacam1|Nox4|Sgip1|Spata7|Plac8|Zfp516|Slc28a2b,-1.1,Geneid
GO Biological Processes,19,GO:0033689,negative regulation of osteoblast proliferation,19_GO:0048519 negative regulation of biological process,-3.6,24,8.2,20504,11,234,3,1.3,0.74,12043|17127|329278,Bcl2|Smad3|Tnn,-1.1,Geneid
GO Biological Processes,19,GO:0003013,circulatory system process,19_GO:0032501 multicellular organismal process,-3.6,2.7,4.3,20504,558,234,17,7.3,1.7,11482|11555|12290|14083|14247|15902|16598|17127|17888|18578|18708|26365|27360|29856|50490|69219|216033,Acvrl1|Adrb2|Cacna1e|Ptk2|Fli1|Id2|Klf2|Smad3|Myh6|Pde4b|Pik3r1|Ceacam1|Add3|Smtn|Nox4|Ddah1|Ctnna3,-1,Geneid
GO Biological Processes,19,GO:0007015,actin filament organization,19_GO:0009987 cellular process,-3.6,2.9,4.4,20504,455,234,15,6.4,1.6,12043|13609|15901|17127|18479|18708|22351|22793|27360|50490|50525|50874|66214|216033|237860,Bcl2|S1pr1|Id1|Smad3|Pak1|Pik3r1|Vill|Zyx|Add3|Nox4|Spag6l|Tmod4|Rgcc|Ctnna3|Ssh2,-1,Geneid
GO Biological Processes,19,GO:0042088,T-helper 1 type immune response,19_GO:0002376 immune system process,-3.6,8.8,5.9,20504,50,234,5,2.1,0.95,12775|16182|16190|16842|20351,Ccr7|Il18r1|Il4ra|Lef1|Sema4a,-1,Geneid
GO Biological Processes,19,GO:0022407,regulation of cell-cell adhesion,19_GO:0022610 biological adhesion,-3.6,2.9,4.4,20504,457,234,15,6.4,1.6,11555|11898|12550|12775|14083|16190|16197|16842|18708|18793|20304|26365|66214|94212|320832,Adrb2|Ass1|Cdh1|Ccr7|Ptk2|Il4ra|Il7r|Lef1|Pik3r1|Plaur|Ccl5|Ceacam1|Rgcc|Pag1|Sirpb1a,-1,Geneid
GO Biological Processes,19,GO:0120039,plasma membrane bounded cell projection morphogenesis,19_GO:0032502 developmental process,-3.6,2.4,4.2,20504,725,234,20,8.5,1.8,12043|12322|13048|13631|13723|14083|14268|15901|17999|18028|18174|18479|19055|20351|50525|93691|223435|329152|329278|545156,Bcl2|Camk2a|Cux2|Eef2k|Emb|Ptk2|Fn1|Id1|Nedd4|Nfib|Slc11a2|Pak1|Ppp3ca|Sema4a|Spag6l|Klf7|Trio|Hecw2|Tnn|Kalrn,-1,Geneid
GO Biological Processes,19,GO:0016358,dendrite development,19_GO:0032502 developmental process,-3.6,3.4,4.5,20504,313,234,12,5.1,1.4,12322|13048|13631|15901|17999|18174|18479|19055|93691|329152|380713|545156,Camk2a|Cux2|Eef2k|Id1|Nedd4|Slc11a2|Pak1|Ppp3ca|Klf7|Hecw2|Scarf1|Kalrn,-1,Geneid
GO Biological Processes,19,GO:0048659,smooth muscle cell proliferation,19_GO:0009987 cellular process,-3.6,4.3,4.8,20504,184,234,9,3.8,1.3,13609|14083|15902|17869|18479|18708|20304|21416|545156,S1pr1|Ptk2|Id2|Myc|Pak1|Pik3r1|Ccl5|Tcf7l2|Kalrn,-1,Geneid
GO Biological Processes,19,GO:0030036,actin cytoskeleton organization,19_GO:0009987 cellular process,-3.6,2.4,4.2,20504,728,234,20,8.5,1.8,12043|12550|12775|13609|14159|15901|17127|17888|18479|18708|22351|22793|27360|29856|50490|50525|50874|66214|216033|237860,Bcl2|Cdh1|Ccr7|S1pr1|Fes|Id1|Smad3|Myh6|Pak1|Pik3r1|Vill|Zyx|Add3|Smtn|Nox4|Spag6l|Tmod4|Rgcc|Ctnna3|Ssh2,-1,Geneid
GO Biological Processes,19,GO:0048858,cell projection morphogenesis,19_GO:0032502 developmental process,-3.5,2.4,4.1,20504,730,234,20,8.5,1.8,12043|12322|13048|13631|13723|14083|14268|15901|17999|18028|18174|18479|19055|20351|50525|93691|223435|329152|329278|545156,Bcl2|Camk2a|Cux2|Eef2k|Emb|Ptk2|Fn1|Id1|Nedd4|Nfib|Slc11a2|Pak1|Ppp3ca|Sema4a|Spag6l|Klf7|Trio|Hecw2|Tnn|Kalrn,-1,Geneid
GO Biological Processes,19,GO:0034109,homotypic cell-cell adhesion,19_GO:0022610 biological adhesion,-3.5,6.7,5.4,20504,79,234,6,2.6,1,11555|14268|18793|20304|26365|216033,Adrb2|Fn1|Plaur|Ccl5|Ceacam1|Ctnna3,-1,Geneid
GO Biological Processes,19,GO:0014706,striated muscle tissue development,19_GO:0032502 developmental process,-3.5,2.8,4.3,20504,463,234,15,6.4,1.6,11555|11910|12043|12227|13609|14605|15902|16842|17127|17869|17888|18479|19055|21416|50490,Adrb2|Atf3|Bcl2|Btg2|S1pr1|Tsc22d3|Id2|Lef1|Smad3|Myc|Myh6|Pak1|Ppp3ca|Tcf7l2|Nox4,-1,Geneid
GO Biological Processes,19,GO:0043471,regulation of cellular carbohydrate catabolic process,19_GO:0008152 metabolic process,-3.5,22,7.8,20504,12,234,3,1.3,0.74,15483|105651|244416,Hsd11b1|Ppp1r3e|Ppp1r3b,-1,Geneid
GO Biological Processes,19,GO:0048872,homeostasis of number of cells,19_GO:0065007 biological regulation,-3.5,3.1,4.4,20504,364,234,13,5.6,1.5,12043|12516|12775|14605|15203|15902|16197|16598|18174|18578|22695|26365|50794,Bcl2|Cd7|Ccr7|Tsc22d3|Heph|Id2|Il7r|Klf2|Slc11a2|Pde4b|Zfp36|Ceacam1|Klf13,-1,Geneid
GO Biological Processes,19,GO:2000106,regulation of leukocyte apoptotic process,19_GO:0050789 regulation of biological process,-3.5,5.5,5.1,20504,112,234,7,3,1.1,12775|14605|16197|17869|20304|26365|170770,Ccr7|Tsc22d3|Il7r|Myc|Ccl5|Ceacam1|Bbc3,-1,Geneid
GO Biological Processes,19,GO:0070228,regulation of lymphocyte apoptotic process,19_GO:0050789 regulation of biological process,-3.5,6.6,5.4,20504,80,234,6,2.6,1,14605|16197|17869|20304|26365|170770,Tsc22d3|Il7r|Myc|Ccl5|Ceacam1|Bbc3,-1,Geneid
KEGG Pathway,24,ko05216,Thyroid cancer,,-3.5,12,6.4,20504,29,234,4,1.7,0.85,12550|16842|17869|21416,Cdh1|Lef1|Myc|Tcf7l2,-1,Geneid
GO Biological Processes,19,GO:0032970,regulation of actin filament-based process,19_GO:0050789 regulation of biological process,-3.5,2.9,4.3,20504,416,234,14,6,1.6,13609|14159|15901|17127|18479|18578|18708|22351|27360|50490|50874|66214|216033|237860,S1pr1|Fes|Id1|Smad3|Pak1|Pde4b|Pik3r1|Vill|Add3|Nox4|Tmod4|Rgcc|Ctnna3|Ssh2,-1,Geneid
GO Biological Processes,19,GO:0007179,transforming growth factor beta receptor signaling pathway,19_GO:0023052 signaling,-3.5,4.2,4.7,20504,189,234,9,3.8,1.3,11482|12579|14083|17127|22793|68010|76905|224109|278507,Acvrl1|Cdkn2b|Ptk2|Smad3|Zyx|Bambi|Lrg1|Nrros|Wfikkn2,-1,Geneid
GO Biological Processes,19,GO:0032231,regulation of actin filament bundle assembly,19_GO:0050789 regulation of biological process,-3.5,5.4,5,20504,114,234,7,3,1.1,13609|15901|17127|18479|18708|50490|66214,S1pr1|Id1|Smad3|Pak1|Pik3r1|Nox4|Rgcc,-1,Geneid
GO Biological Processes,19,GO:0043392,negative regulation of DNA binding,19_GO:0065007 biological regulation,-3.5,8.3,5.7,20504,53,234,5,2.1,0.95,15901|15902|16842|18028|278507,Id1|Id2|Lef1|Nfib|Wfikkn2,-1,Geneid
GO Biological Processes,19,GO:0050673,epithelial cell proliferation,19_GO:0009987 cellular process,-3.4,2.8,4.2,20504,472,234,15,6.4,1.6,11482|12550|12579|15901|15902|16010|17127|17869|18028|20304|21416|22695|26365|66214|76905,Acvrl1|Cdh1|Cdkn2b|Id1|Id2|Igfbp4|Smad3|Myc|Nfib|Ccl5|Tcf7l2|Zfp36|Ceacam1|Rgcc|Lrg1,-1,Geneid
GO Biological Processes,19,GO:0110053,regulation of actin filament organization,19_GO:0050789 regulation of biological process,-3.4,3.4,4.4,20504,280,234,11,4.7,1.4,13609|15901|17127|18479|18708|22351|27360|50490|50874|66214|237860,S1pr1|Id1|Smad3|Pak1|Pik3r1|Vill|Add3|Nox4|Tmod4|Rgcc|Ssh2,-1,Geneid
GO Biological Processes,19,GO:0008015,blood circulation,19_GO:0032501 multicellular organismal process,-3.4,2.7,4.1,20504,528,234,16,6.8,1.6,11482|11555|12290|14083|14247|15902|16598|17127|17888|18578|18708|26365|27360|29856|69219|216033,Acvrl1|Adrb2|Cacna1e|Ptk2|Fli1|Id2|Klf2|Smad3|Myh6|Pde4b|Pik3r1|Ceacam1|Add3|Smtn|Ddah1|Ctnna3,-1,Geneid
GO Biological Processes,19,GO:0014812,muscle cell migration,19_GO:0040011 locomotion,-3.4,5.2,4.9,20504,117,234,7,3,1.1,12043|14083|17869|18479|20304|50490|545156,Bcl2|Ptk2|Myc|Pak1|Ccl5|Nox4|Kalrn,-1,Geneid
GO Biological Processes,19,GO:0035710,"CD4-positive, alpha-beta T cell activation",19_GO:0002376 immune system process,-3.4,5.2,4.9,20504,117,234,7,3,1.1,12775|16182|16190|16842|20230|20351|26365,Ccr7|Il18r1|Il4ra|Lef1|Satb1|Sema4a|Ceacam1,-1,Geneid
KEGG Pathway,24,mmu05216,Thyroid cancer,,-3.4,11,6.2,20504,31,234,4,1.7,0.85,12550|16842|17869|21416,Cdh1|Lef1|Myc|Tcf7l2,-1,Geneid
KEGG Pathway,24,ko04650,Natural killer cell mediated cytotoxicity,,-3.4,5.2,4.9,20504,118,234,7,3,1.1,15979|16643|17086|18479|18708|18752|19055,Ifngr1|Klrd1|Ncr1|Pak1|Pik3r1|Prkcg|Ppp3ca,-1,Geneid
GO Biological Processes,19,GO:0032103,positive regulation of response to external stimulus,19_GO:0048518 positive regulation of biological process,-3.4,2.9,4.2,20504,427,234,14,6,1.6,12775|13609|14083|14131|14268|16643|17127|19376|20304|20343|22165|71648|380713|100033459,Ccr7|S1pr1|Ptk2|Fcgr3|Fn1|Klrd1|Smad3|Rab34|Ccl5|Sell|Txk|Optn|Scarf1|Ifi208,-1,Geneid
GO Biological Processes,19,GO:0032990,cell part morphogenesis,19_GO:0032502 developmental process,-3.4,2.3,4,20504,753,234,20,8.5,1.8,12043|12322|13048|13631|13723|14083|14268|15901|17999|18028|18174|18479|19055|20351|50525|93691|223435|329152|329278|545156,Bcl2|Camk2a|Cux2|Eef2k|Emb|Ptk2|Fn1|Id1|Nedd4|Nfib|Slc11a2|Pak1|Ppp3ca|Sema4a|Spag6l|Klf7|Trio|Hecw2|Tnn|Kalrn,-1,Geneid
GO Biological Processes,19,GO:0048762,mesenchymal cell differentiation,19_GO:0032502 developmental process,-3.4,3.7,4.5,20504,238,234,10,4.3,1.3,11482|12043|14268|16842|17127|18793|20351|21416|66214|68010,Acvrl1|Bcl2|Fn1|Lef1|Smad3|Plaur|Sema4a|Tcf7l2|Rgcc|Bambi,-1,Geneid
KEGG Pathway,24,ko04350,TGF-beta signaling pathway,,-3.4,6.2,5.1,20504,85,234,6,2.6,1,12579|15901|15902|17127|17869|68010,Cdkn2b|Id1|Id2|Smad3|Myc|Bambi,-1,Geneid
KEGG Pathway,24,ko04012,ErbB signaling pathway,,-3.4,6.2,5.1,20504,85,234,6,2.6,1,12322|14083|17869|18479|18708|18752,Camk2a|Ptk2|Myc|Pak1|Pik3r1|Prkcg,-1,Geneid
KEGG Pathway,24,ko04510,Focal adhesion,,-3.3,4,4.5,20504,199,234,9,3.8,1.3,12043|12826|14083|14268|18479|18708|18752|22793|329278,Bcl2|Col4a1|Ptk2|Fn1|Pak1|Pik3r1|Prkcg|Zyx|Tnn,-0.96,Geneid
KEGG Pathway,24,mmu04012,ErbB signaling pathway,,-3.3,6,5,20504,88,234,6,2.6,1,12322|14083|17869|18479|18708|18752,Camk2a|Ptk2|Myc|Pak1|Pik3r1|Prkcg,-0.96,Geneid
KEGG Pathway,24,mmu04350,TGF-beta signaling pathway,,-3.3,6,5,20504,88,234,6,2.6,1,12579|15901|15902|17127|17869|68010,Cdkn2b|Id1|Id2|Smad3|Myc|Bambi,-0.96,Geneid
GO Biological Processes,19,GO:0060537,muscle tissue development,19_GO:0032502 developmental process,-3.3,2.7,4.1,20504,488,234,15,6.4,1.6,11555|11910|12043|12227|13609|14605|15902|16842|17127|17869|17888|18479|19055|21416|50490,Adrb2|Atf3|Bcl2|Btg2|S1pr1|Tsc22d3|Id2|Lef1|Smad3|Myc|Myh6|Pak1|Ppp3ca|Tcf7l2|Nox4,-0.96,Geneid
GO Biological Processes,19,GO:0061061,muscle structure development,19_GO:0032502 developmental process,-3.3,2.4,3.9,20504,708,234,19,8.1,1.8,11555|11910|12043|12227|13609|14605|15902|16190|16842|17127|17869|17888|18479|18708|19055|21416|50490|50874|278507,Adrb2|Atf3|Bcl2|Btg2|S1pr1|Tsc22d3|Id2|Il4ra|Lef1|Smad3|Myc|Myh6|Pak1|Pik3r1|Ppp3ca|Tcf7l2|Nox4|Tmod4|Wfikkn2,-0.96,Geneid
GO Biological Processes,19,GO:0043470,regulation of carbohydrate catabolic process,19_GO:0008152 metabolic process,-3.3,7.6,5.4,20504,58,234,5,2.1,0.95,15483|17869|72106|105651|244416,Hsd11b1|Myc|Jmjd8|Ppp1r3e|Ppp1r3b,-0.96,Geneid
GO Biological Processes,19,GO:0048641,regulation of skeletal muscle tissue development,19_GO:0032502 developmental process,-3.3,11,5.9,20504,33,234,4,1.7,0.85,11555|12043|14605|21416,Adrb2|Bcl2|Tsc22d3|Tcf7l2,-0.96,Geneid
GO Biological Processes,19,GO:2000108,positive regulation of leukocyte apoptotic process,19_GO:0048518 positive regulation of biological process,-3.3,11,5.9,20504,33,234,4,1.7,0.85,17869|20304|26365|170770,Myc|Ccl5|Ceacam1|Bbc3,-0.96,Geneid
GO Biological Processes,19,GO:0048514,blood vessel morphogenesis,19_GO:0032502 developmental process,-3.3,2.4,3.9,20504,654,234,18,7.7,1.7,11482|11555|12826|13609|14083|14268|15901|16598|16842|17999|20304|20351|26365|66214|69219|72106|76905|105844,Acvrl1|Adrb2|Col4a1|S1pr1|Ptk2|Fn1|Id1|Klf2|Lef1|Nedd4|Ccl5|Sema4a|Ceacam1|Rgcc|Ddah1|Jmjd8|Lrg1|Card10,-0.94,Geneid
KEGG Pathway,24,mmu04510,Focal adhesion,,-3.3,3.9,4.4,20504,203,234,9,3.8,1.3,12043|12826|14083|14268|18479|18708|18752|22793|329278,Bcl2|Col4a1|Ptk2|Fn1|Pak1|Pik3r1|Prkcg|Zyx|Tnn,-0.93,Geneid
GO Biological Processes,19,GO:0036037,"CD8-positive, alpha-beta T cell activation",19_GO:0002376 immune system process,-3.2,10,5.8,20504,34,234,4,1.7,0.85,12043|20230|26365|545030,Bcl2|Satb1|Ceacam1|Wdfy4,-0.92,Geneid
GO Biological Processes,19,GO:0070234,positive regulation of T cell apoptotic process,19_GO:0048518 positive regulation of biological process,-3.2,18,6.9,20504,15,234,3,1.3,0.74,20304|26365|170770,Ccl5|Ceacam1|Bbc3,-0.92,Geneid
GO Biological Processes,19,GO:2000811,negative regulation of anoikis,19_GO:0048519 negative regulation of biological process,-3.2,18,6.9,20504,15,234,3,1.3,0.74,12043|14083|21885,Bcl2|Ptk2|Tle1,-0.92,Geneid
GO Biological Processes,19,GO:0030098,lymphocyte differentiation,19_GO:0002376 immune system process,-3.2,2.8,4,20504,444,234,14,6,1.6,12043|12769|12775|15902|16182|16190|16197|16842|17305|18514|18708|20230|20351|22165,Bcl2|Ccr9|Ccr7|Id2|Il18r1|Il4ra|Il7r|Lef1|Mfng|Pbx1|Pik3r1|Satb1|Sema4a|Txk,-0.91,Geneid
GO Biological Processes,19,GO:0051101,regulation of DNA binding,19_GO:0065007 biological regulation,-3.2,4.8,4.7,20504,127,234,7,3,1.1,15901|15902|16842|17869|18028|18793|278507,Id1|Id2|Lef1|Myc|Nfib|Plaur|Wfikkn2,-0.89,Geneid
GO Biological Processes,19,GO:0070231,T cell apoptotic process,19_GO:0009987 cellular process,-3.2,7.2,5.2,20504,61,234,5,2.1,0.95,14605|16197|20304|26365|170770,Tsc22d3|Il7r|Ccl5|Ceacam1|Bbc3,-0.89,Geneid
KEGG Pathway,24,mmu04650,Natural killer cell mediated cytotoxicity,,-3.1,4.8,4.6,20504,129,234,7,3,1.1,15979|16643|17086|18479|18708|18752|19055,Ifngr1|Klrd1|Ncr1|Pak1|Pik3r1|Prkcg|Ppp3ca,-0.86,Geneid
GO Biological Processes,19,GO:0043367,"CD4-positive, alpha-beta T cell differentiation",19_GO:0002376 immune system process,-3.1,5.6,4.8,20504,94,234,6,2.6,1,12775|16182|16190|16842|20230|20351,Ccr7|Il18r1|Il4ra|Lef1|Satb1|Sema4a,-0.86,Geneid
GO Biological Processes,19,GO:0014910,regulation of smooth muscle cell migration,19_GO:0040011 locomotion,-3.1,5.6,4.8,20504,94,234,6,2.6,1,12043|14083|17869|18479|20304|50490,Bcl2|Ptk2|Myc|Pak1|Ccl5|Nox4,-0.86,Geneid
GO Biological Processes,19,GO:0045765,regulation of angiogenesis,19_GO:0032502 developmental process,-3.1,3.2,4.1,20504,302,234,11,4.7,1.4,11482|11555|15901|16598|20304|20351|26365|66214|69219|72106|76905,Acvrl1|Adrb2|Id1|Klf2|Ccl5|Sema4a|Ceacam1|Rgcc|Ddah1|Jmjd8|Lrg1,-0.86,Geneid
GO Biological Processes,19,GO:0051100,negative regulation of binding,19_GO:0065007 biological regulation,-3.1,4.1,4.4,20504,169,234,8,3.4,1.2,11555|15901|15902|16842|17869|18028|19055|278507,Adrb2|Id1|Id2|Lef1|Myc|Nfib|Ppp3ca|Wfikkn2,-0.86,Geneid
GO Biological Processes,19,GO:0050678,regulation of epithelial cell proliferation,19_GO:0050789 regulation of biological process,-3.1,2.8,4,20504,403,234,13,5.6,1.5,11482|12550|12579|15901|17127|17869|18028|20304|21416|22695|26365|66214|76905,Acvrl1|Cdh1|Cdkn2b|Id1|Smad3|Myc|Nfib|Ccl5|Tcf7l2|Zfp36|Ceacam1|Rgcc|Lrg1,-0.84,Geneid
GO Biological Processes,19,GO:0034110,regulation of homotypic cell-cell adhesion,19_GO:0022610 biological adhesion,-3.1,9.5,5.5,20504,37,234,4,1.7,0.85,11555|18793|20304|26365,Adrb2|Plaur|Ccl5|Ceacam1,-0.83,Geneid
GO Biological Processes,19,GO:1901342,regulation of vasculature development,19_GO:0032502 developmental process,-3.1,3.1,4.1,20504,306,234,11,4.7,1.4,11482|11555|15901|16598|20304|20351|26365|66214|69219|72106|76905,Acvrl1|Adrb2|Id1|Klf2|Ccl5|Sema4a|Ceacam1|Rgcc|Ddah1|Jmjd8|Lrg1,-0.83,Geneid
GO Biological Processes,19,GO:0045444,fat cell differentiation,19_GO:0032502 developmental process,-3.1,3.4,4.1,20504,261,234,10,4.3,1.3,11555|15902|17127|21416|22695|76905|223435|228775|231507|329003,Adrb2|Id2|Smad3|Tcf7l2|Zfp36|Lrg1|Trio|Trib3|Plac8|Zfp516,-0.81,Geneid
GO Biological Processes,19,GO:0051492,regulation of stress fiber assembly,19_GO:0050789 regulation of biological process,-3,5.4,4.7,20504,98,234,6,2.6,1,13609|17127|18479|18708|50490|66214,S1pr1|Smad3|Pak1|Pik3r1|Nox4|Rgcc,-0.8,Geneid
GO Biological Processes,19,GO:0030335,positive regulation of cell migration,19_GO:0040011 locomotion,-3,2.5,3.8,20504,571,234,16,6.8,1.6,12043|12775|13609|14083|14268|16842|17127|17869|18479|18708|19055|20304|20343|20351|50490|237860,Bcl2|Ccr7|S1pr1|Ptk2|Fn1|Lef1|Smad3|Myc|Pak1|Pik3r1|Ppp3ca|Ccl5|Sell|Sema4a|Nox4|Ssh2,-0.8,Geneid
GO Biological Processes,19,GO:0007162,negative regulation of cell adhesion,19_GO:0022610 biological adhesion,-3,3.1,4,20504,310,234,11,4.7,1.4,11482|11555|11898|12550|14083|16190|16842|18708|26365|66214|94212,Acvrl1|Adrb2|Ass1|Cdh1|Ptk2|Il4ra|Lef1|Pik3r1|Ceacam1|Rgcc|Pag1,-0.8,Geneid
KEGG Pathway,24,ko04360,Axon guidance,,-3,4,4.3,20504,175,234,8,3.4,1.2,12322|14083|14159|18479|18708|19055|20351|237860,Camk2a|Ptk2|Fes|Pak1|Pik3r1|Ppp3ca|Sema4a|Ssh2,-0.8,Geneid
KEGG Pathway,24,mmu05200,Pathways in cancer,,-3,2.8,3.9,20504,411,234,13,5.6,1.5,12043|12550|12579|12826|14083|14268|16842|17127|17869|18708|18752|21416|216033,Bcl2|Cdh1|Cdkn2b|Col4a1|Ptk2|Fn1|Lef1|Smad3|Myc|Pik3r1|Prkcg|Tcf7l2|Ctnna3,-0.8,Geneid
GO Biological Processes,19,GO:0007517,muscle organ development,19_GO:0032502 developmental process,-3,2.9,3.9,20504,361,234,12,5.1,1.4,11555|11910|12043|12227|13609|14605|16842|17127|17869|17888|19055|21416,Adrb2|Atf3|Bcl2|Btg2|S1pr1|Tsc22d3|Lef1|Smad3|Myc|Myh6|Ppp3ca|Tcf7l2,-0.8,Geneid
WikiPathways,27,WP2432,Spinal cord injury,,-3,5.3,4.6,20504,99,234,6,2.6,1,12227|12826|17869|19055|22695|50490,Btg2|Col4a1|Myc|Ppp3ca|Zfp36|Nox4,-0.8,Geneid
WikiPathways,27,WP373,IL-3 signaling pathway,,-3,5.3,4.6,20504,99,234,6,2.6,1,12043|14083|14159|15901|18479|18708,Bcl2|Ptk2|Fes|Id1|Pak1|Pik3r1,-0.8,Geneid
GO Biological Processes,19,GO:0045637,regulation of myeloid cell differentiation,19_GO:0002376 immune system process,-3,3.6,4.2,20504,219,234,9,3.8,1.3,14159|15902|16842|17869|18708|20304|22695|26365|50794,Fes|Id2|Lef1|Myc|Pik3r1|Ccl5|Zfp36|Ceacam1|Klf13,-0.8,Geneid
GO Biological Processes,19,GO:0014065,phosphatidylinositol 3-kinase signaling,19_GO:0023052 signaling,-3,4.5,4.4,20504,136,234,7,3,1.1,14083|14268|17999|18708|20304|26365|216505,Ptk2|Fn1|Nedd4|Pik3r1|Ccl5|Ceacam1|Pik3ip1,-0.8,Geneid
GO Biological Processes,19,GO:0060326,cell chemotaxis,19_GO:0040011 locomotion,-3,3.1,4,20504,313,234,11,4.7,1.4,12769|12775|13609|14083|14131|16842|17101|18578|20304|20343|80901,Ccr9|Ccr7|S1pr1|Ptk2|Fcgr3|Lef1|Lyst|Pde4b|Ccl5|Sell|Cxcr6,-0.8,Geneid
GO Biological Processes,19,GO:0045926,negative regulation of growth,19_GO:0040007 growth,-3,3.3,4,20504,266,234,10,4.3,1.3,11482|11555|12043|14083|17127|18479|20351|21416|170770|231507,Acvrl1|Adrb2|Bcl2|Ptk2|Smad3|Pak1|Sema4a|Tcf7l2|Bbc3|Plac8,-0.8,Geneid
GO Biological Processes,19,GO:0002761,regulation of myeloid leukocyte differentiation,19_GO:0002376 immune system process,-3,4.5,4.4,20504,137,234,7,3,1.1,14159|15902|16842|17869|18708|20304|26365,Fes|Id2|Lef1|Myc|Pik3r1|Ccl5|Ceacam1,-0.8,Geneid
GO Biological Processes,19,GO:0050773,regulation of dendrite development,19_GO:0032502 developmental process,-3,4.5,4.4,20504,137,234,7,3,1.1,13048|13631|15901|17999|19055|329152|545156,Cux2|Eef2k|Id1|Nedd4|Ppp3ca|Hecw2|Kalrn,-0.8,Geneid
KEGG Pathway,24,mmu04360,Axon guidance,,-3,3.9,4.2,20504,178,234,8,3.4,1.2,12322|14083|14159|18479|18708|19055|20351|237860,Camk2a|Ptk2|Fes|Pak1|Pik3r1|Ppp3ca|Sema4a|Ssh2,-0.79,Geneid
GO Biological Processes,19,GO:0048660,regulation of smooth muscle cell proliferation,19_GO:0050789 regulation of biological process,-3,3.9,4.2,20504,178,234,8,3.4,1.2,13609|14083|15902|17869|18479|18708|20304|21416,S1pr1|Ptk2|Id2|Myc|Pak1|Pik3r1|Ccl5|Tcf7l2,-0.79,Geneid
GO Biological Processes,19,GO:0001568,blood vessel development,19_GO:0032502 developmental process,-3,2.2,3.6,20504,752,234,19,8.1,1.8,11482|11555|12826|13609|14083|14268|15901|16598|16842|17999|20304|20351|21416|26365|66214|69219|72106|76905|105844,Acvrl1|Adrb2|Col4a1|S1pr1|Ptk2|Fn1|Id1|Klf2|Lef1|Nedd4|Ccl5|Sema4a|Tcf7l2|Ceacam1|Rgcc|Ddah1|Jmjd8|Lrg1|Card10,-0.79,Geneid
GO Biological Processes,19,GO:0045668,negative regulation of osteoblast differentiation,19_GO:0048519 negative regulation of biological process,-3,6.4,4.8,20504,68,234,5,2.1,0.95,15901|15902|17127|68010|329278,Id1|Id2|Smad3|Bambi|Tnn,-0.79,Geneid
GO Biological Processes,19,GO:0032233,positive regulation of actin filament bundle assembly,19_GO:0048518 positive regulation of biological process,-3,6.4,4.8,20504,68,234,5,2.1,0.95,15901|17127|18479|50490|66214,Id1|Smad3|Pak1|Nox4|Rgcc,-0.79,Geneid
GO Biological Processes,19,GO:0150115,cell-substrate junction organization,19_GO:0009987 cellular process,-3,5.2,4.5,20504,102,234,6,2.6,1,11482|12043|14083|14268|17127|18708,Acvrl1|Bcl2|Ptk2|Fn1|Smad3|Pik3r1,-0.77,Geneid
GO Biological Processes,19,GO:0071887,leukocyte apoptotic process,19_GO:0009987 cellular process,-2.9,4.4,4.3,20504,140,234,7,3,1.1,12775|14605|16197|17869|20304|26365|170770,Ccr7|Tsc22d3|Il7r|Myc|Ccl5|Ceacam1|Bbc3,-0.77,Geneid
GO Biological Processes,19,GO:0032956,regulation of actin cytoskeleton organization,19_GO:0050789 regulation of biological process,-2.9,2.8,3.9,20504,369,234,12,5.1,1.4,13609|14159|15901|17127|18479|18708|22351|27360|50490|50874|66214|237860,S1pr1|Fes|Id1|Smad3|Pak1|Pik3r1|Vill|Add3|Nox4|Tmod4|Rgcc|Ssh2,-0.77,Geneid
WikiPathways,27,WP2292,Chemokine signaling pathway,,-2.9,3.9,4.2,20504,181,234,8,3.4,1.2,12769|12775|14083|18479|18708|20304|80901|320207,Ccr9|Ccr7|Ptk2|Pak1|Pik3r1|Ccl5|Cxcr6|Pik3r5,-0.77,Geneid
GO Biological Processes,19,GO:0014066,regulation of phosphatidylinositol 3-kinase signaling,19_GO:0023052 signaling,-2.9,5.1,4.5,20504,103,234,6,2.6,1,14083|14268|17999|20304|26365|216505,Ptk2|Fn1|Nedd4|Ccl5|Ceacam1|Pik3ip1,-0.76,Geneid
GO Biological Processes,19,GO:0070227,lymphocyte apoptotic process,19_GO:0009987 cellular process,-2.9,5.1,4.5,20504,104,234,6,2.6,1,14605|16197|17869|20304|26365|170770,Tsc22d3|Il7r|Myc|Ccl5|Ceacam1|Bbc3,-0.75,Geneid
GO Biological Processes,19,GO:0048661,positive regulation of smooth muscle cell proliferation,19_GO:0048518 positive regulation of biological process,-2.9,5,4.4,20504,105,234,6,2.6,1,13609|14083|15902|17869|18479|20304,S1pr1|Ptk2|Id2|Myc|Pak1|Ccl5,-0.73,Geneid
GO Biological Processes,19,GO:0042093,T-helper cell differentiation,19_GO:0002376 immune system process,-2.9,6.2,4.7,20504,71,234,5,2.1,0.95,12775|16182|16190|16842|20351,Ccr7|Il18r1|Il4ra|Lef1|Sema4a,-0.73,Geneid
GO Biological Processes,19,GO:0071560,cellular response to transforming growth factor beta stimulus,19_GO:0050896 response to stimulus,-2.9,3.4,4,20504,229,234,9,3.8,1.3,11482|12579|14083|17127|22793|68010|76905|224109|278507,Acvrl1|Cdkn2b|Ptk2|Smad3|Zyx|Bambi|Lrg1|Nrros|Wfikkn2,-0.73,Geneid
GO Biological Processes,19,GO:0042594,response to starvation,19_GO:0050896 response to stimulus,-2.9,3.8,4.1,20504,185,234,8,3.4,1.2,11910|12043|21416|22695|52187|66148|237253|320311,Atf3|Bcl2|Tcf7l2|Zfp36|Rragd|Dnajc15|Lrp11|Rnf152,-0.73,Geneid
GO Biological Processes,19,GO:0002294,"CD4-positive, alpha-beta T cell differentiation involved in immune response",19_GO:0002376 immune system process,-2.9,6.1,4.6,20504,72,234,5,2.1,0.95,12775|16182|16190|16842|20351,Ccr7|Il18r1|Il4ra|Lef1|Sema4a,-0.72,Geneid
KEGG Pathway,24,mmu04520,Adherens junction,,-2.9,6.1,4.6,20504,72,234,5,2.1,0.95,12550|16842|17127|21416|216033,Cdh1|Lef1|Smad3|Tcf7l2|Ctnna3,-0.72,Geneid
KEGG Pathway,24,ko04520,Adherens junction,,-2.9,6.1,4.6,20504,72,234,5,2.1,0.95,12550|16842|17127|21416|216033,Cdh1|Lef1|Smad3|Tcf7l2|Ctnna3,-0.72,Geneid
GO Biological Processes,19,GO:0033555,multicellular organismal response to stress,19_GO:0032501 multicellular organismal process,-2.8,4.9,4.4,20504,107,234,6,2.6,1,12043|12290|18752|19055|237253|545156,Bcl2|Cacna1e|Prkcg|Ppp3ca|Lrp11|Kalrn,-0.71,Geneid
GO Biological Processes,19,GO:0043065,positive regulation of apoptotic process,19_GO:0048518 positive regulation of biological process,-2.8,2.3,3.6,20504,597,234,16,6.8,1.6,11555|11910|12322|17869|20304|20437|21416|26365|50490|56338|65106|66214|67609|71648|76072|170770,Adrb2|Atf3|Camk2a|Myc|Ccl5|Siah1a|Tcf7l2|Ceacam1|Nox4|Txnip|Arl6ip5|Rgcc|4930453N24Rik|Optn|Rnf183|Bbc3,-0.71,Geneid
GO Biological Processes,19,GO:2000147,positive regulation of cell motility,19_GO:0040011 locomotion,-2.8,2.3,3.6,20504,597,234,16,6.8,1.6,12043|12775|13609|14083|14268|16842|17127|17869|18479|18708|19055|20304|20343|20351|50490|237860,Bcl2|Ccr7|S1pr1|Ptk2|Fn1|Lef1|Smad3|Myc|Pak1|Pik3r1|Ppp3ca|Ccl5|Sell|Sema4a|Nox4|Ssh2,-0.71,Geneid
GO Biological Processes,19,GO:0002293,alpha-beta T cell differentiation involved in immune response,19_GO:0002376 immune system process,-2.8,6,4.6,20504,73,234,5,2.1,0.95,12775|16182|16190|16842|20351,Ccr7|Il18r1|Il4ra|Lef1|Sema4a,-0.7,Geneid
GO Biological Processes,19,GO:0071559,response to transforming growth factor beta,19_GO:0050896 response to stimulus,-2.8,3.4,3.9,20504,234,234,9,3.8,1.3,11482|12579|14083|17127|22793|68010|76905|224109|278507,Acvrl1|Cdkn2b|Ptk2|Smad3|Zyx|Bambi|Lrg1|Nrros|Wfikkn2,-0.7,Geneid
GO Biological Processes,19,GO:0001817,regulation of cytokine production,19_GO:0032501 multicellular organismal process,-2.8,2.1,3.5,20504,776,234,19,8.1,1.8,12775|14131|14268|15979|16182|16190|16598|16842|17127|18578|18708|20304|22165|22695|26365|52392|66214|71648|269855,Ccr7|Fcgr3|Fn1|Ifngr1|Il18r1|Il4ra|Klf2|Lef1|Smad3|Pde4b|Pik3r1|Ccl5|Txk|Zfp36|Ceacam1|Macir|Rgcc|Optn|Ssc5d,-0.7,Geneid
GO Biological Processes,19,GO:0030855,epithelial cell differentiation,19_GO:0032502 developmental process,-2.8,2.3,3.5,20504,658,234,17,7.3,1.7,11482|12550|13409|15901|15902|16598|16842|17127|18028|18793|21346|22695|26365|50525|56338|93691|252973,Acvrl1|Cdh1|Tmc1|Id1|Id2|Klf2|Lef1|Smad3|Nfib|Plaur|Tagln2|Zfp36|Ceacam1|Spag6l|Txnip|Klf7|Grhl2,-0.7,Geneid
GO Biological Processes,19,GO:0010559,regulation of glycoprotein biosynthetic process,19_GO:0008152 metabolic process,-2.8,8,5,20504,44,234,4,1.7,0.85,12043|12775|21416|235534,Bcl2|Ccr7|Tcf7l2|Pxylp1,-0.69,Geneid
GO Biological Processes,19,GO:0002287,alpha-beta T cell activation involved in immune response,19_GO:0002376 immune system process,-2.8,5.9,4.6,20504,74,234,5,2.1,0.95,12775|16182|16190|16842|20351,Ccr7|Il18r1|Il4ra|Lef1|Sema4a,-0.69,Geneid
GO Biological Processes,19,GO:0110020,regulation of actomyosin structure organization,19_GO:0050789 regulation of biological process,-2.8,4.8,4.3,20504,110,234,6,2.6,1,13609|17127|18479|18708|50490|66214,S1pr1|Smad3|Pak1|Pik3r1|Nox4|Rgcc,-0.67,Geneid
GO Biological Processes,19,GO:0051960,regulation of nervous system development,19_GO:0032502 developmental process,-2.8,2.4,3.5,20504,550,234,15,6.4,1.6,12579|13048|13631|14083|14268|15901|15902|17869|18479|18708|19055|20351|21416|105827|545156,Cdkn2b|Cux2|Eef2k|Ptk2|Fn1|Id1|Id2|Myc|Pak1|Pik3r1|Ppp3ca|Sema4a|Tcf7l2|Amigo2|Kalrn,-0.66,Geneid
GO Biological Processes,19,GO:0002573,myeloid leukocyte differentiation,19_GO:0002376 immune system process,-2.8,3.3,3.8,20504,239,234,9,3.8,1.3,12775|14159|15902|16842|17869|18708|20304|26365|224109,Ccr7|Fes|Id2|Lef1|Myc|Pik3r1|Ccl5|Ceacam1|Nrros,-0.66,Geneid
GO Biological Processes,19,GO:0050921,positive regulation of chemotaxis,19_GO:0040011 locomotion,-2.8,4.1,4.1,20504,151,234,7,3,1.1,12775|13609|14083|14268|17127|20304|20343,Ccr7|S1pr1|Ptk2|Fn1|Smad3|Ccl5|Sell,-0.66,Geneid
KEGG Pathway,24,ko05100,Bacterial invasion of epithelial cells,,-2.8,5.8,4.5,20504,76,234,5,2.1,0.95,12550|14083|14268|18708|216033,Cdh1|Ptk2|Fn1|Pik3r1|Ctnna3,-0.66,Geneid
GO Biological Processes,19,GO:1902903,regulation of supramolecular fiber organization,19_GO:0050789 regulation of biological process,-2.7,2.7,3.6,20504,389,234,12,5.1,1.4,13609|14159|15901|17127|18479|18708|22351|27360|50490|50874|66214|237860,S1pr1|Fes|Id1|Smad3|Pak1|Pik3r1|Vill|Add3|Nox4|Tmod4|Rgcc|Ssh2,-0.66,Geneid
GO Biological Processes,19,GO:0007178,transmembrane receptor protein serine/threonine kinase signaling pathway,19_GO:0023052 signaling,-2.7,2.7,3.6,20504,389,234,12,5.1,1.4,11482|12579|14083|15901|16842|17127|21416|22793|68010|76905|224109|278507,Acvrl1|Cdkn2b|Ptk2|Id1|Lef1|Smad3|Tcf7l2|Zyx|Bambi|Lrg1|Nrros|Wfikkn2,-0.66,Geneid
GO Biological Processes,19,GO:0001944,vasculature development,19_GO:0032502 developmental process,-2.7,2.1,3.4,20504,789,234,19,8.1,1.8,11482|11555|12826|13609|14083|14268|15901|16598|16842|17999|20304|20351|21416|26365|66214|69219|72106|76905|105844,Acvrl1|Adrb2|Col4a1|S1pr1|Ptk2|Fn1|Id1|Klf2|Lef1|Nedd4|Ccl5|Sema4a|Tcf7l2|Ceacam1|Rgcc|Ddah1|Jmjd8|Lrg1|Card10,-0.65,Geneid
WikiPathways,27,WP1261,ErbB signaling pathway,,-2.7,7.6,4.8,20504,46,234,4,1.7,0.85,12322|14083|17869|320207,Camk2a|Ptk2|Myc|Pik3r5,-0.65,Geneid
GO Biological Processes,19,GO:0043068,positive regulation of programmed cell death,19_GO:0048518 positive regulation of biological process,-2.7,2.3,3.5,20504,612,234,16,6.8,1.6,11555|11910|12322|17869|20304|20437|21416|26365|50490|56338|65106|66214|67609|71648|76072|170770,Adrb2|Atf3|Camk2a|Myc|Ccl5|Siah1a|Tcf7l2|Ceacam1|Nox4|Txnip|Arl6ip5|Rgcc|4930453N24Rik|Optn|Rnf183|Bbc3,-0.65,Geneid
KEGG Pathway,24,mmu05100,Bacterial invasion of epithelial cells,,-2.7,5.7,4.4,20504,77,234,5,2.1,0.95,12550|14083|14268|18708|216033,Cdh1|Ptk2|Fn1|Pik3r1|Ctnna3,-0.65,Geneid
GO Biological Processes,19,GO:0051272,positive regulation of cellular component movement,19_GO:0051179 localization,-2.7,2.3,3.5,20504,614,234,16,6.8,1.6,12043|12775|13609|14083|14268|16842|17127|17869|18479|18708|19055|20304|20343|20351|50490|237860,Bcl2|Ccr7|S1pr1|Ptk2|Fn1|Lef1|Smad3|Myc|Pak1|Pik3r1|Ppp3ca|Ccl5|Sell|Sema4a|Nox4|Ssh2,-0.64,Geneid
GO Biological Processes,19,GO:2000209,regulation of anoikis,19_GO:0050789 regulation of biological process,-2.7,12,5.5,20504,22,234,3,1.3,0.74,12043|14083|21885,Bcl2|Ptk2|Tle1,-0.64,Geneid
GO Biological Processes,19,GO:0040017,positive regulation of locomotion,19_GO:0040011 locomotion,-2.7,2.3,3.5,20504,615,234,16,6.8,1.6,12043|12775|13609|14083|14268|16842|17127|17869|18479|18708|19055|20304|20343|20351|50490|237860,Bcl2|Ccr7|S1pr1|Ptk2|Fn1|Lef1|Smad3|Myc|Pak1|Pik3r1|Ppp3ca|Ccl5|Sell|Sema4a|Nox4|Ssh2,-0.64,Geneid
GO Biological Processes,19,GO:0009409,response to cold,19_GO:0050896 response to stimulus,-2.7,7.5,4.8,20504,47,234,4,1.7,0.85,11555|231507|237253|329003,Adrb2|Plac8|Lrp11|Zfp516,-0.63,Geneid
GO Biological Processes,19,GO:1903018,regulation of glycoprotein metabolic process,19_GO:0008152 metabolic process,-2.7,7.5,4.8,20504,47,234,4,1.7,0.85,12043|12775|21416|235534,Bcl2|Ccr7|Tcf7l2|Pxylp1,-0.63,Geneid
GO Biological Processes,19,GO:0031669,cellular response to nutrient levels,19_GO:0050896 response to stimulus,-2.7,3.5,3.8,20504,199,234,8,3.4,1.2,11910|12043|12579|14159|21416|52187|66148|320311,Atf3|Bcl2|Cdkn2b|Fes|Tcf7l2|Rragd|Dnajc15|Rnf152,-0.61,Geneid
KEGG Pathway,24,ko04151,PI3K-Akt signaling pathway,,-2.7,2.8,3.6,20504,346,234,11,4.7,1.4,12043|12826|14083|14268|16190|16197|17869|18708|22630|320207|329278,Bcl2|Col4a1|Ptk2|Fn1|Il4ra|Il7r|Myc|Pik3r1|Ywhaq|Pik3r5|Tnn,-0.61,Geneid
Reactome Gene Sets,6,R-MMU-373752,Netrin-1 signaling,,-2.7,11,5.4,20504,23,234,3,1.3,0.74,14083|20437|223435,Ptk2|Siah1a|Trio,-0.61,Geneid
GO Biological Processes,19,GO:0010560,positive regulation of glycoprotein biosynthetic process,19_GO:0048518 positive regulation of biological process,-2.7,11,5.4,20504,23,234,3,1.3,0.74,12775|21416|235534,Ccr7|Tcf7l2|Pxylp1,-0.61,Geneid
GO Biological Processes,19,GO:0099170,postsynaptic modulation of chemical synaptic transmission,19_GO:0023052 signaling,-2.7,11,5.4,20504,23,234,3,1.3,0.74,12550|17999|19055,Cdh1|Nedd4|Ppp3ca,-0.61,Geneid
KEGG Pathway,24,ko04630,Jak-STAT signaling pathway,,-2.7,3.9,3.9,20504,157,234,7,3,1.1,12043|15979|16164|16190|16197|17869|18708,Bcl2|Ifngr1|Il13ra1|Il4ra|Il7r|Myc|Pik3r1,-0.61,Geneid
GO Biological Processes,19,GO:0051965,positive regulation of synapse assembly,19_GO:0048518 positive regulation of biological process,-2.7,5.5,4.3,20504,80,234,5,2.1,0.95,13048|13631|18708|20351|105827,Cux2|Eef2k|Pik3r1|Sema4a|Amigo2,-0.61,Geneid
GO Biological Processes,19,GO:0002292,T cell differentiation involved in immune response,19_GO:0002376 immune system process,-2.7,5.5,4.3,20504,80,234,5,2.1,0.95,12775|16182|16190|16842|20351,Ccr7|Il18r1|Il4ra|Lef1|Sema4a,-0.61,Geneid
GO Biological Processes,19,GO:0007519,skeletal muscle tissue development,19_GO:0032502 developmental process,-2.6,3.5,3.8,20504,202,234,8,3.4,1.2,11555|11910|12043|12227|14605|17869|19055|21416,Adrb2|Atf3|Bcl2|Btg2|Tsc22d3|Myc|Ppp3ca|Tcf7l2,-0.6,Geneid
GO Biological Processes,19,GO:1903706,regulation of hemopoiesis,19_GO:0002376 immune system process,-2.6,2.6,3.5,20504,401,234,12,5.1,1.4,12775|14159|15902|16190|16197|16842|17869|18708|20304|22695|26365|50794,Ccr7|Fes|Id2|Il4ra|Il7r|Lef1|Myc|Pik3r1|Ccl5|Zfp36|Ceacam1|Klf13,-0.6,Geneid
GO Biological Processes,19,GO:0045429,positive regulation of nitric oxide biosynthetic process,19_GO:0048518 positive regulation of biological process,-2.6,7.2,4.6,20504,49,234,4,1.7,0.85,11898|16598|17127|69219,Ass1|Klf2|Smad3|Ddah1,-0.59,Geneid
KEGG Pathway,24,mmu04151,PI3K-Akt signaling pathway,,-2.6,2.8,3.6,20504,350,234,11,4.7,1.4,12043|12826|14083|14268|16190|16197|17869|18708|22630|320207|329278,Bcl2|Col4a1|Ptk2|Fn1|Il4ra|Il7r|Myc|Pik3r1|Ywhaq|Pik3r5|Tnn,-0.59,Geneid
KEGG Pathway,24,mmu04630,Jak-STAT signaling pathway,,-2.6,3.8,3.9,20504,160,234,7,3,1.1,12043|15979|16164|16190|16197|17869|18708,Bcl2|Ifngr1|Il13ra1|Il4ra|Il7r|Myc|Pik3r1,-0.58,Geneid
Reactome Gene Sets,6,R-MMU-201722,Formation of the beta-catenin:TCF transactivating complex,,-2.6,11,5.2,20504,24,234,3,1.3,0.74,16842|21416|21885,Lef1|Tcf7l2|Tle1,-0.58,Geneid
GO Biological Processes,19,GO:1903020,positive regulation of glycoprotein metabolic process,19_GO:0048518 positive regulation of biological process,-2.6,11,5.2,20504,24,234,3,1.3,0.74,12775|21416|235534,Ccr7|Tcf7l2|Pxylp1,-0.58,Geneid
Reactome Gene Sets,6,R-MMU-9006934,Signaling by Receptor Tyrosine Kinases,,-2.6,2.6,3.5,20504,406,234,12,5.1,1.4,11975|12826|14083|14159|14268|17444|17999|18708|94212|228775|242341|373864,Atp6v0a1|Col4a1|Ptk2|Fes|Fn1|Grap2|Nedd4|Pik3r1|Pag1|Trib3|Atp6v0d2|Col27a1,-0.57,Geneid
GO Biological Processes,19,GO:0030217,T cell differentiation,19_GO:0002376 immune system process,-2.6,2.9,3.6,20504,302,234,10,4.3,1.3,12043|12769|12775|16182|16190|16197|16842|20230|20351|22165,Bcl2|Ccr9|Ccr7|Il18r1|Il4ra|Il7r|Lef1|Satb1|Sema4a|Txk,-0.57,Geneid
KEGG Pathway,24,ko05205,Proteoglycans in cancer,,-2.6,3.4,3.7,20504,206,234,8,3.4,1.2,12322|14083|14268|17869|18479|18708|18752|18793,Camk2a|Ptk2|Fn1|Myc|Pak1|Pik3r1|Prkcg|Plaur,-0.57,Geneid
GO Biological Processes,19,GO:0015711,organic anion transport,19_GO:0051179 localization,-2.6,2.7,3.5,20504,354,234,11,4.7,1.4,13723|17869|18479|20527|20532|26365|27413|65106|108116|217316|228993,Emb|Myc|Pak1|Slc2a3|Slc3a1|Ceacam1|Abcb11|Arl6ip5|Slco3a1|Slc16a5|Slc17a9,-0.57,Geneid
GO Biological Processes,19,GO:0051384,response to glucocorticoid,19_GO:0050896 response to stimulus,-2.6,5.3,4.2,20504,83,234,5,2.1,0.95,11898|12043|14608|18708|22695,Ass1|Bcl2|Gpr83|Pik3r1|Zfp36,-0.57,Geneid
GO Biological Processes,19,GO:0051963,regulation of synapse assembly,19_GO:0032502 developmental process,-2.6,4.3,4,20504,121,234,6,2.6,1,13048|13631|14083|18708|20351|105827,Cux2|Eef2k|Ptk2|Pik3r1|Sema4a|Amigo2,-0.56,Geneid
GO Biological Processes,19,GO:0015718,monocarboxylic acid transport,19_GO:0051179 localization,-2.6,4.3,4,20504,121,234,6,2.6,1,13723|17869|26365|27413|108116|217316,Emb|Myc|Ceacam1|Abcb11|Slco3a1|Slc16a5,-0.56,Geneid
Reactome Gene Sets,6,R-MMU-3858494,Beta-catenin independent WNT signaling,,-2.6,4.3,4,20504,121,234,6,2.6,1,12322|16842|18587|18752|19055|21416,Camk2a|Lef1|Pde6b|Prkcg|Ppp3ca|Tcf7l2,-0.56,Geneid
GO Biological Processes,19,GO:1904407,positive regulation of nitric oxide metabolic process,19_GO:0048518 positive regulation of biological process,-2.6,6.9,4.5,20504,51,234,4,1.7,0.85,11898|16598|17127|69219,Ass1|Klf2|Smad3|Ddah1,-0.56,Geneid
GO Biological Processes,19,GO:0033002,muscle cell proliferation,19_GO:0009987 cellular process,-2.6,3.1,3.6,20504,255,234,9,3.8,1.3,13609|14083|15902|17869|18479|18708|20304|21416|545156,S1pr1|Ptk2|Id2|Myc|Pak1|Pik3r1|Ccl5|Tcf7l2|Kalrn,-0.56,Geneid
Reactome Gene Sets,6,R-MMU-372790,Signaling by GPCR,,-2.6,2.3,3.3,20504,578,234,15,6.4,1.6,11555|12769|12775|13609|14608|18578|18708|18752|20304|22354|80901|108072|223435|320207|545156,Adrb2|Ccr9|Ccr7|S1pr1|Gpr83|Pde4b|Pik3r1|Prkcg|Ccl5|Vipr1|Cxcr6|Grm6|Trio|Pik3r5|Kalrn,-0.56,Geneid
WikiPathways,27,WP265,Delta-Notch signaling pathway,,-2.6,5.2,4.2,20504,84,234,5,2.1,0.95,16842|17127|17305|18708|21885,Lef1|Smad3|Mfng|Pik3r1|Tle1,-0.56,Geneid
GO Biological Processes,19,GO:0010759,positive regulation of macrophage chemotaxis,19_GO:0040011 locomotion,-2.6,11,5.1,20504,25,234,3,1.3,0.74,12775|14083|20304,Ccr7|Ptk2|Ccl5,-0.55,Geneid
GO Biological Processes,19,GO:0051962,positive regulation of nervous system development,19_GO:0048518 positive regulation of biological process,-2.5,2.7,3.5,20504,359,234,11,4.7,1.4,13048|13631|14083|14268|15902|17869|18479|18708|20351|105827|545156,Cux2|Eef2k|Ptk2|Fn1|Id2|Myc|Pak1|Pik3r1|Sema4a|Amigo2|Kalrn,-0.54,Geneid
GO Biological Processes,19,GO:0017015,regulation of transforming growth factor beta receptor signaling pathway,19_GO:0023052 signaling,-2.5,4.3,3.9,20504,123,234,6,2.6,1,12579|17127|68010|76905|224109|278507,Cdkn2b|Smad3|Bambi|Lrg1|Nrros|Wfikkn2,-0.54,Geneid
KEGG Pathway,24,mmu05205,Proteoglycans in cancer,,-2.5,3.3,3.6,20504,211,234,8,3.4,1.2,12322|14083|14268|17869|18479|18708|18752|18793,Camk2a|Ptk2|Fn1|Myc|Pak1|Pik3r1|Prkcg|Plaur,-0.53,Geneid
GO Biological Processes,19,GO:1901890,positive regulation of cell junction assembly,19_GO:0048518 positive regulation of biological process,-2.5,4.2,3.9,20504,124,234,6,2.6,1,13048|13631|17127|18708|20351|105827,Cux2|Eef2k|Smad3|Pik3r1|Sema4a|Amigo2,-0.53,Geneid
GO Biological Processes,19,GO:0001678,cellular glucose homeostasis,19_GO:0065007 biological regulation,-2.5,3.7,3.7,20504,167,234,7,3,1.1,12290|18708|19055|19376|21416|50490|93691,Cacna1e|Pik3r1|Ppp3ca|Rab34|Tcf7l2|Nox4|Klf7,-0.53,Geneid
Reactome Gene Sets,6,R-MMU-380108,Chemokine receptors bind chemokines,,-2.5,6.6,4.4,20504,53,234,4,1.7,0.85,12769|12775|20304|80901,Ccr9|Ccr7|Ccl5|Cxcr6,-0.53,Geneid
GO Biological Processes,19,GO:0034330,cell junction organization,19_GO:0009987 cellular process,-2.5,2.1,3.2,20504,766,234,18,7.7,1.7,11482|12043|12550|12826|13048|13497|13631|14083|14268|17127|17999|18479|18708|20351|26365|105827|252973|545156,Acvrl1|Bcl2|Cdh1|Col4a1|Cux2|Drp2|Eef2k|Ptk2|Fn1|Smad3|Nedd4|Pak1|Pik3r1|Sema4a|Ceacam1|Amigo2|Grhl2|Kalrn,-0.53,Geneid
GO Biological Processes,19,GO:0045785,positive regulation of cell adhesion,19_GO:0022610 biological adhesion,-2.5,2.4,3.3,20504,472,234,13,5.6,1.5,12550|12775|14083|14268|16190|16197|16842|17127|18793|19055|20304|26365|320832,Cdh1|Ccr7|Ptk2|Fn1|Il4ra|Il7r|Lef1|Smad3|Plaur|Ppp3ca|Ccl5|Ceacam1|Sirpb1a,-0.53,Geneid
GO Biological Processes,19,GO:0014898,cardiac muscle hypertrophy in response to stress,19_GO:0032501 multicellular organismal process,-2.5,10,5,20504,26,234,3,1.3,0.74,17127|17888|19055,Smad3|Myh6|Ppp3ca,-0.53,Geneid
GO Biological Processes,19,GO:0003299,muscle hypertrophy in response to stress,19_GO:0032501 multicellular organismal process,-2.5,10,5,20504,26,234,3,1.3,0.74,17127|17888|19055,Smad3|Myh6|Ppp3ca,-0.53,Geneid
KEGG Pathway,24,ko04060,Cytokine-cytokine receptor interaction,,-2.5,3,3.5,20504,261,234,9,3.8,1.3,12769|12775|15979|16164|16182|16190|16197|20304|80901,Ccr9|Ccr7|Ifngr1|Il13ra1|Il18r1|Il4ra|Il7r|Ccl5|Cxcr6,-0.53,Geneid
GO Biological Processes,19,GO:0060538,skeletal muscle organ development,19_GO:0032502 developmental process,-2.5,3.3,3.6,20504,213,234,8,3.4,1.2,11555|11910|12043|12227|14605|17869|19055|21416,Adrb2|Atf3|Bcl2|Btg2|Tsc22d3|Myc|Ppp3ca|Tcf7l2,-0.53,Geneid
GO Biological Processes,19,GO:0045638,negative regulation of myeloid cell differentiation,19_GO:0002376 immune system process,-2.5,5,4.1,20504,87,234,5,2.1,0.95,17869|18708|22695|26365|50794,Myc|Pik3r1|Zfp36|Ceacam1|Klf13,-0.52,Geneid
GO Biological Processes,19,GO:1903844,regulation of cellular response to transforming growth factor beta stimulus,19_GO:0050896 response to stimulus,-2.5,4.2,3.8,20504,126,234,6,2.6,1,12579|17127|68010|76905|224109|278507,Cdkn2b|Smad3|Bambi|Lrg1|Nrros|Wfikkn2,-0.52,Geneid
GO Biological Processes,19,GO:0001666,response to hypoxia,19_GO:0050896 response to stimulus,-2.5,3.3,3.6,20504,214,234,8,3.4,1.2,11555|12043|17127|17869|18174|18479|66214|69219,Adrb2|Bcl2|Smad3|Myc|Slc11a2|Pak1|Rgcc|Ddah1,-0.52,Geneid
GO Biological Processes,19,GO:0071621,granulocyte chemotaxis,19_GO:0040011 locomotion,-2.5,4.1,3.8,20504,127,234,6,2.6,1,12775|14083|14131|18578|20304|20343,Ccr7|Ptk2|Fcgr3|Pde4b|Ccl5|Sell,-0.5,Geneid
GO Biological Processes,19,GO:0048015,phosphatidylinositol-mediated signaling,19_GO:0023052 signaling,-2.5,3.6,3.7,20504,170,234,7,3,1.1,14083|14268|17999|18708|20304|26365|216505,Ptk2|Fn1|Nedd4|Pik3r1|Ccl5|Ceacam1|Pik3ip1,-0.5,Geneid
GO Biological Processes,19,GO:0014887,cardiac muscle adaptation,19_GO:0032501 multicellular organismal process,-2.5,9.7,4.9,20504,27,234,3,1.3,0.74,17127|17888|19055,Smad3|Myh6|Ppp3ca,-0.5,Geneid
GO Biological Processes,19,GO:0070233,negative regulation of T cell apoptotic process,19_GO:0048519 negative regulation of biological process,-2.5,9.7,4.9,20504,27,234,3,1.3,0.74,14605|16197|20304,Tsc22d3|Il7r|Ccl5,-0.5,Geneid
Reactome Gene Sets,6,R-MMU-2871809,FCERI mediated Ca+2 mobilization,,-2.5,9.7,4.9,20504,27,234,3,1.3,0.74,17444|19055|22165,Grap2|Ppp3ca|Txk,-0.5,Geneid
Reactome Gene Sets,6,R-MMU-8874081,MET activates PTK2 signaling,,-2.5,9.7,4.9,20504,27,234,3,1.3,0.74,14083|14268|373864,Ptk2|Fn1|Col27a1,-0.5,Geneid
KEGG Pathway,24,ko05221,Acute myeloid leukemia,,-2.4,6.4,4.3,20504,55,234,4,1.7,0.85,16842|17869|18708|21416,Lef1|Myc|Pik3r1|Tcf7l2,-0.5,Geneid
Reactome Gene Sets,6,R-MMU-917937,Iron uptake and transport,,-2.4,6.4,4.3,20504,55,234,4,1.7,0.85,11975|15203|18174|242341,Atp6v0a1|Heph|Slc11a2|Atp6v0d2,-0.5,Geneid
GO Biological Processes,19,GO:0048546,digestive tract morphogenesis,19_GO:0032502 developmental process,-2.4,6.4,4.3,20504,55,234,4,1.7,0.85,12043|15902|17127|21416,Bcl2|Id2|Smad3|Tcf7l2,-0.5,Geneid
KEGG Pathway,24,mmu04060,Cytokine-cytokine receptor interaction,,-2.4,3,3.5,20504,266,234,9,3.8,1.3,12769|12775|15979|16164|16182|16190|16197|20304|80901,Ccr9|Ccr7|Ifngr1|Il13ra1|Il18r1|Il4ra|Il7r|Ccl5|Cxcr6,-0.5,Geneid
GO Biological Processes,19,GO:0008217,regulation of blood pressure,19_GO:0032501 multicellular organismal process,-2.4,3.2,3.5,20504,218,234,8,3.4,1.2,11482|11555|15902|17127|17888|18708|29856|69219,Acvrl1|Adrb2|Id2|Smad3|Myh6|Pik3r1|Smtn|Ddah1,-0.5,Geneid
GO Biological Processes,19,GO:0043393,regulation of protein binding,19_GO:0065007 biological regulation,-2.4,3.2,3.5,20504,218,234,8,3.4,1.2,11555|15901|17305|17869|21416|68010|228775|278507,Adrb2|Id1|Mfng|Myc|Tcf7l2|Bambi|Trib3|Wfikkn2,-0.5,Geneid
GO Biological Processes,19,GO:0048640,negative regulation of developmental growth,19_GO:0040007 growth,-2.4,4.1,3.8,20504,129,234,6,2.6,1,11555|14083|18479|20351|21416|231507,Adrb2|Ptk2|Pak1|Sema4a|Tcf7l2|Plac8,-0.5,Geneid
GO Biological Processes,19,GO:0031960,response to corticosteroid,19_GO:0050896 response to stimulus,-2.4,4.9,4,20504,90,234,5,2.1,0.95,11898|12043|14608|18708|22695,Ass1|Bcl2|Gpr83|Pik3r1|Zfp36,-0.49,Geneid
GO Biological Processes,19,GO:0048017,inositol lipid-mediated signaling,19_GO:0023052 signaling,-2.4,3.5,3.6,20504,173,234,7,3,1.1,14083|14268|17999|18708|20304|26365|216505,Ptk2|Fn1|Nedd4|Pik3r1|Ccl5|Ceacam1|Pik3ip1,-0.49,Geneid
KEGG Pathway,24,mmu05221,Acute myeloid leukemia,,-2.4,6.3,4.2,20504,56,234,4,1.7,0.85,16842|17869|18708|21416,Lef1|Myc|Pik3r1|Tcf7l2,-0.49,Geneid
GO Biological Processes,19,GO:0072132,mesenchyme morphogenesis,19_GO:0032502 developmental process,-2.4,6.3,4.2,20504,56,234,4,1.7,0.85,11482|16842|17127|17869,Acvrl1|Lef1|Smad3|Myc,-0.49,Geneid
GO Biological Processes,19,GO:0007159,leukocyte cell-cell adhesion,19_GO:0022610 biological adhesion,-2.4,2.6,3.3,20504,373,234,11,4.7,1.4,11898|12775|16190|16197|16842|20304|20343|20345|26365|94212|320832,Ass1|Ccr7|Il4ra|Il7r|Lef1|Ccl5|Sell|Selplg|Ceacam1|Pag1|Sirpb1a,-0.49,Geneid
GO Biological Processes,19,GO:1901888,regulation of cell junction assembly,19_GO:0050789 regulation of biological process,-2.4,3.2,3.5,20504,220,234,8,3.4,1.2,11482|13048|13631|14083|17127|18708|20351|105827,Acvrl1|Cux2|Eef2k|Ptk2|Smad3|Pik3r1|Sema4a|Amigo2,-0.49,Geneid
GO Biological Processes,19,GO:0035264,multicellular organism growth,19_GO:0040007 growth,-2.4,3.2,3.5,20504,220,234,8,3.4,1.2,11555|12043|16598|20437|21416|73094|231507|252973,Adrb2|Bcl2|Klf2|Siah1a|Tcf7l2|Sgip1|Plac8|Grhl2,-0.49,Geneid
GO Biological Processes,19,GO:0040014,regulation of multicellular organism growth,19_GO:0040007 growth,-2.4,4.8,3.9,20504,91,234,5,2.1,0.95,11555|12043|20437|73094|231507,Adrb2|Bcl2|Siah1a|Sgip1|Plac8,-0.49,Geneid
GO Biological Processes,19,GO:0033688,regulation of osteoblast proliferation,19_GO:0050789 regulation of biological process,-2.4,9.4,4.8,20504,28,234,3,1.3,0.74,12043|17127|329278,Bcl2|Smad3|Tnn,-0.49,Geneid
GO Biological Processes,19,GO:0120316,sperm flagellum assembly,19_GO:0051704 multi-organism process,-2.4,9.4,4.8,20504,28,234,3,1.3,0.74,50525|212517|213402,Spag6l|Cfap44|Armc2,-0.49,Geneid
GO Biological Processes,19,GO:0007288,sperm axoneme assembly,19_GO:0051704 multi-organism process,-2.4,9.4,4.8,20504,28,234,3,1.3,0.74,50525|212517|213402,Spag6l|Cfap44|Armc2,-0.49,Geneid
WikiPathways,27,WP2841,Focal adhesion: PI3K-Akt-mTOR signaling pathway,,-2.4,2.7,3.3,20504,322,234,10,4.3,1.3,12826|14083|14268|16190|16197|18708|20527|216505|320207|329278,Col4a1|Ptk2|Fn1|Il4ra|Il7r|Pik3r1|Slc2a3|Pik3ip1|Pik3r5|Tnn,-0.48,Geneid
GO Biological Processes,19,GO:0051345,positive regulation of hydrolase activity,19_GO:0065007 biological regulation,-2.4,2.3,3.2,20504,544,234,14,6,1.6,11555|12775|13609|17127|17869|18174|20304|22165|29815|54610|65106|170770|207592|545156,Adrb2|Ccr7|S1pr1|Smad3|Myc|Slc11a2|Ccl5|Txk|Bcar3|Tbc1d8|Arl6ip5|Bbc3|Tbc1d16|Kalrn,-0.48,Geneid
GO Biological Processes,19,GO:0071622,regulation of granulocyte chemotaxis,19_GO:0040011 locomotion,-2.4,6.1,4.2,20504,57,234,4,1.7,0.85,12775|14083|20304|20343,Ccr7|Ptk2|Ccl5|Sell,-0.48,Geneid
GO Biological Processes,19,GO:1902105,regulation of leukocyte differentiation,19_GO:0002376 immune system process,-2.4,2.7,3.3,20504,323,234,10,4.3,1.3,12775|14159|15902|16190|16197|16842|17869|18708|20304|26365,Ccr7|Fes|Id2|Il4ra|Il7r|Lef1|Myc|Pik3r1|Ccl5|Ceacam1,-0.48,Geneid
GO Biological Processes,19,GO:0060249,anatomical structure homeostasis,19_GO:0065007 biological regulation,-2.4,2.7,3.3,20504,323,234,10,4.3,1.3,11555|12043|12516|13609|26365|50490|75578|104871|107766|381417,Adrb2|Bcl2|Cd7|S1pr1|Ceacam1|Nox4|Fggy|Spata7|Haao|Slc28a2b,-0.48,Geneid
Reactome Gene Sets,6,R-MMU-3769402,Deactivation of the beta-catenin transactivating complex,,-2.4,9.1,4.7,20504,29,234,3,1.3,0.74,16842|21416|21885,Lef1|Tcf7l2|Tle1,-0.47,Geneid
GO Biological Processes,19,GO:0061003,positive regulation of dendritic spine morphogenesis,19_GO:0048518 positive regulation of biological process,-2.4,9.1,4.7,20504,29,234,3,1.3,0.74,13048|13631|545156,Cux2|Eef2k|Kalrn,-0.47,Geneid
GO Biological Processes,19,GO:0051496,positive regulation of stress fiber assembly,19_GO:0048518 positive regulation of biological process,-2.4,6,4.1,20504,58,234,4,1.7,0.85,17127|18479|50490|66214,Smad3|Pak1|Nox4|Rgcc,-0.47,Geneid
GO Biological Processes,19,GO:0007528,neuromuscular junction development,19_GO:0009987 cellular process,-2.4,6,4.1,20504,58,234,4,1.7,0.85,12826|17999|18479|545156,Col4a1|Nedd4|Pak1|Kalrn,-0.47,Geneid
KEGG Pathway,24,mmu04370,VEGF signaling pathway,,-2.4,6,4.1,20504,58,234,4,1.7,0.85,14083|18708|18752|19055,Ptk2|Pik3r1|Prkcg|Ppp3ca,-0.47,Geneid
GO Biological Processes,19,GO:0010761,fibroblast migration,19_GO:0040011 locomotion,-2.4,6,4.1,20504,58,234,4,1.7,0.85,14083|18479|50525|52392,Ptk2|Pak1|Spag6l|Macir,-0.47,Geneid
GO Biological Processes,19,GO:0045599,negative regulation of fat cell differentiation,19_GO:0048519 negative regulation of biological process,-2.4,6,4.1,20504,58,234,4,1.7,0.85,17127|21416|223435|228775,Smad3|Tcf7l2|Trio|Trib3,-0.47,Geneid
KEGG Pathway,24,ko04370,VEGF signaling pathway,,-2.4,6,4.1,20504,58,234,4,1.7,0.85,14083|18708|18752|19055,Ptk2|Pik3r1|Prkcg|Ppp3ca,-0.47,Geneid
Reactome Gene Sets,6,R-MMU-388396,GPCR downstream signalling,,-2.4,2.2,3.2,20504,549,234,14,6,1.6,11555|12769|12775|14608|18578|18708|18752|20304|22354|80901|108072|223435|320207|545156,Adrb2|Ccr9|Ccr7|Gpr83|Pde4b|Pik3r1|Prkcg|Ccl5|Vipr1|Cxcr6|Grm6|Trio|Pik3r5|Kalrn,-0.47,Geneid
GO Biological Processes,19,GO:0007160,cell-matrix adhesion,19_GO:0022610 biological adhesion,-2.4,3.1,3.4,20504,225,234,8,3.4,1.2,11482|12043|14083|14268|17127|18708|22793|329278,Acvrl1|Bcl2|Ptk2|Fn1|Smad3|Pik3r1|Zyx|Tnn,-0.46,Geneid
KEGG Pathway,24,ko05152,Tuberculosis,,-2.4,3.4,3.5,20504,178,234,7,3,1.1,11975|12043|12322|14131|15979|19055|242341,Atp6v0a1|Bcl2|Camk2a|Fcgr3|Ifngr1|Ppp3ca|Atp6v0d2,-0.46,Geneid
GO Biological Processes,19,GO:0010975,regulation of neuron projection development,19_GO:0032502 developmental process,-2.4,2.2,3.1,20504,550,234,14,6,1.6,13048|13631|14083|14159|14268|15901|17999|18479|19055|20351|244418|329152|380713|545156,Cux2|Eef2k|Ptk2|Fes|Fn1|Id1|Nedd4|Pak1|Ppp3ca|Sema4a|Prag1|Hecw2|Scarf1|Kalrn,-0.46,Geneid
GO Biological Processes,19,GO:0010717,regulation of epithelial to mesenchymal transition,19_GO:0032502 developmental process,-2.3,4.7,3.8,20504,94,234,5,2.1,0.95,16842|17127|21416|66214|68010,Lef1|Smad3|Tcf7l2|Rgcc|Bambi,-0.46,Geneid
KEGG Pathway,24,mmu05321,Inflammatory bowel disease (IBD),,-2.3,5.9,4.1,20504,59,234,4,1.7,0.85,15979|16182|16190|17127,Ifngr1|Il18r1|Il4ra|Smad3,-0.46,Geneid
GO Biological Processes,19,GO:0050873,brown fat cell differentiation,19_GO:0032502 developmental process,-2.3,5.9,4.1,20504,59,234,4,1.7,0.85,11555|76905|231507|329003,Adrb2|Lrg1|Plac8|Zfp516,-0.46,Geneid
KEGG Pathway,24,ko05321,Inflammatory bowel disease (IBD),,-2.3,5.9,4.1,20504,59,234,4,1.7,0.85,15979|16182|16190|17127,Ifngr1|Il18r1|Il4ra|Smad3,-0.46,Geneid
GO Biological Processes,19,GO:0030595,leukocyte chemotaxis,19_GO:0040011 locomotion,-2.3,3.1,3.4,20504,227,234,8,3.4,1.2,12775|13609|14083|14131|17101|18578|20304|20343,Ccr7|S1pr1|Ptk2|Fcgr3|Lyst|Pde4b|Ccl5|Sell,-0.45,Geneid
GO Biological Processes,19,GO:0001911,negative regulation of leukocyte mediated cytotoxicity,19_GO:0002376 immune system process,-2.3,8.8,4.6,20504,30,234,3,1.3,0.74,16197|16643|26365,Il7r|Klrd1|Ceacam1,-0.45,Geneid
KEGG Pathway,24,mmu05152,Tuberculosis,,-2.3,3.4,3.5,20504,181,234,7,3,1.1,11975|12043|12322|14131|15979|19055|242341,Atp6v0a1|Bcl2|Camk2a|Fcgr3|Ifngr1|Ppp3ca|Atp6v0d2,-0.44,Geneid
GO Biological Processes,19,GO:0120035,regulation of plasma membrane bounded cell projection organization,19_GO:0050789 regulation of biological process,-2.3,2,3,20504,737,234,17,7.3,1.7,12775|13048|13631|14083|14159|14268|15901|17999|18479|18708|19055|20351|24057|244418|329152|380713|545156,Ccr7|Cux2|Eef2k|Ptk2|Fes|Fn1|Id1|Nedd4|Pak1|Pik3r1|Ppp3ca|Sema4a|Sh3yl1|Prag1|Hecw2|Scarf1|Kalrn,-0.44,Geneid
GO Biological Processes,19,GO:0007044,cell-substrate junction assembly,19_GO:0009987 cellular process,-2.3,4.6,3.8,20504,96,234,5,2.1,0.95,11482|12043|14083|14268|17127,Acvrl1|Bcl2|Ptk2|Fn1|Smad3,-0.44,Geneid
GO Biological Processes,19,GO:0034329,cell junction assembly,19_GO:0009987 cellular process,-2.3,2.4,3.1,20504,442,234,12,5.1,1.4,11482|12043|12550|13048|13631|14083|14268|17127|18708|20351|105827|252973,Acvrl1|Bcl2|Cdh1|Cux2|Eef2k|Ptk2|Fn1|Smad3|Pik3r1|Sema4a|Amigo2|Grhl2,-0.43,Geneid
GO Biological Processes,19,GO:0050920,regulation of chemotaxis,19_GO:0040011 locomotion,-2.3,3,3.4,20504,230,234,8,3.4,1.2,12775|13609|14083|14268|17127|20304|20343|20351,Ccr7|S1pr1|Ptk2|Fn1|Smad3|Ccl5|Sell|Sema4a,-0.43,Geneid
GO Biological Processes,19,GO:0061138,morphogenesis of a branching epithelium,19_GO:0032502 developmental process,-2.3,3,3.4,20504,230,234,8,3.4,1.2,12043|12550|12826|16842|17869|18479|18514|252973,Bcl2|Cdh1|Col4a1|Lef1|Myc|Pak1|Pbx1|Grhl2,-0.43,Geneid
GO Biological Processes,19,GO:0031668,cellular response to extracellular stimulus,19_GO:0050896 response to stimulus,-2.3,3,3.3,20504,231,234,8,3.4,1.2,11910|12043|12579|14159|21416|52187|66148|320311,Atf3|Bcl2|Cdkn2b|Fes|Tcf7l2|Rragd|Dnajc15|Rnf152,-0.42,Geneid
GO Biological Processes,19,GO:0043276,anoikis,19_GO:0009987 cellular process,-2.3,8.5,4.5,20504,31,234,3,1.3,0.74,12043|14083|21885,Bcl2|Ptk2|Tle1,-0.42,Geneid
GO Biological Processes,19,GO:1905523,positive regulation of macrophage migration,19_GO:0040011 locomotion,-2.3,8.5,4.5,20504,31,234,3,1.3,0.74,12775|14083|20304,Ccr7|Ptk2|Ccl5,-0.42,Geneid
GO Biological Processes,19,GO:0002825,regulation of T-helper 1 type immune response,19_GO:0002376 immune system process,-2.3,8.5,4.5,20504,31,234,3,1.3,0.74,12775|16182|16190,Ccr7|Il18r1|Il4ra,-0.42,Geneid
GO Biological Processes,19,GO:0010942,positive regulation of cell death,19_GO:0048518 positive regulation of biological process,-2.3,2.1,3,20504,682,234,16,6.8,1.6,11555|11910|12322|17869|20304|20437|21416|26365|50490|56338|65106|66214|67609|71648|76072|170770,Adrb2|Atf3|Camk2a|Myc|Ccl5|Siah1a|Tcf7l2|Ceacam1|Nox4|Txnip|Arl6ip5|Rgcc|4930453N24Rik|Optn|Rnf183|Bbc3,-0.42,Geneid
KEGG Pathway,24,ko04062,Chemokine signaling pathway,,-2.3,3.3,3.4,20504,185,234,7,3,1.1,12769|12775|14083|18479|18708|20304|80901,Ccr9|Ccr7|Ptk2|Pak1|Pik3r1|Ccl5|Cxcr6,-0.41,Geneid
GO Biological Processes,19,GO:0002250,adaptive immune response,19_GO:0002376 immune system process,-2.3,2.1,3,20504,623,234,15,6.4,1.6,12516|12775|14131|16182|16190|16197|16643|16842|17101|17999|20351|22165|94212|238447|239743,Cd7|Ccr7|Fcgr3|Il18r1|Il4ra|Il7r|Klrd1|Lef1|Lyst|Nedd4|Sema4a|Txk|Pag1|Igha|Klhl6,-0.41,Geneid
GO Biological Processes,19,GO:0048535,lymph node development,19_GO:0002376 immune system process,-2.2,8.2,4.4,20504,32,234,3,1.3,0.74,12775|15902|16197,Ccr7|Id2|Il7r,-0.39,Geneid
Reactome Gene Sets,6,R-MMU-389356,CD28 co-stimulation,,-2.2,8.2,4.4,20504,32,234,3,1.3,0.74,17444|18708|228775,Grap2|Pik3r1|Trib3,-0.39,Geneid
Reactome Gene Sets,6,R-MMU-109581,Apoptosis,,-2.2,4.4,3.6,20504,100,234,5,2.1,0.95,12043|12550|14083|20230|22630,Bcl2|Cdh1|Ptk2|Satb1|Ywhaq,-0.39,Geneid
KEGG Pathway,24,ko04933,AGE-RAGE signaling pathway in diabetic complications,,-2.2,4.4,3.6,20504,100,234,5,2.1,0.95,12043|12826|14268|17127|18708,Bcl2|Col4a1|Fn1|Smad3|Pik3r1,-0.39,Geneid
GO Biological Processes,19,GO:0050767,regulation of neurogenesis,19_GO:0032502 developmental process,-2.2,2.3,3.1,20504,451,234,12,5.1,1.4,12579|13048|13631|14083|14268|15901|15902|17869|18479|19055|20351|545156,Cdkn2b|Cux2|Eef2k|Ptk2|Fn1|Id1|Id2|Myc|Pak1|Ppp3ca|Sema4a|Kalrn,-0.39,Geneid
GO Biological Processes,19,GO:1902107,positive regulation of leukocyte differentiation,19_GO:0002376 immune system process,-2.2,3.3,3.3,20504,188,234,7,3,1.1,12775|14159|15902|16190|16197|16842|20304,Ccr7|Fes|Id2|Il4ra|Il7r|Lef1|Ccl5,-0.39,Geneid
KEGG Pathway,24,mmu04062,Chemokine signaling pathway,,-2.2,3.3,3.3,20504,188,234,7,3,1.1,12769|12775|14083|18479|18708|20304|80901,Ccr9|Ccr7|Ptk2|Pak1|Pik3r1|Ccl5|Cxcr6,-0.39,Geneid
GO Biological Processes,19,GO:0001659,temperature homeostasis,19_GO:0032501 multicellular organismal process,-2.2,3.3,3.3,20504,188,234,7,3,1.1,11555|15901|16182|16190|20304|231507|329003,Adrb2|Id1|Il18r1|Il4ra|Ccl5|Plac8|Zfp516,-0.39,Geneid
GO Biological Processes,19,GO:1903708,positive regulation of hemopoiesis,19_GO:0002376 immune system process,-2.2,3.3,3.3,20504,188,234,7,3,1.1,12775|14159|15902|16190|16197|16842|20304,Ccr7|Fes|Id2|Il4ra|Il7r|Lef1|Ccl5,-0.39,Geneid
GO Biological Processes,19,GO:0009611,response to wounding,19_GO:0050896 response to stimulus,-2.2,2.2,3,20504,510,234,13,5.6,1.5,11482|11555|12043|14083|14268|17101|17127|18479|22165|22695|26365|66961|380713,Acvrl1|Adrb2|Bcl2|Ptk2|Fn1|Lyst|Smad3|Pak1|Txk|Zfp36|Ceacam1|Neat1|Scarf1,-0.38,Geneid
GO Biological Processes,19,GO:0031344,regulation of cell projection organization,19_GO:0050789 regulation of biological process,-2.2,2,2.9,20504,753,234,17,7.3,1.7,12775|13048|13631|14083|14159|14268|15901|17999|18479|18708|19055|20351|24057|244418|329152|380713|545156,Ccr7|Cux2|Eef2k|Ptk2|Fes|Fn1|Id1|Nedd4|Pak1|Pik3r1|Ppp3ca|Sema4a|Sh3yl1|Prag1|Hecw2|Scarf1|Kalrn,-0.38,Geneid
GO Biological Processes,19,GO:0022409,positive regulation of cell-cell adhesion,19_GO:0022610 biological adhesion,-2.2,2.7,3.2,20504,288,234,9,3.8,1.3,12550|12775|16190|16197|16842|18793|20304|26365|320832,Cdh1|Ccr7|Il4ra|Il7r|Lef1|Plaur|Ccl5|Ceacam1|Sirpb1a,-0.38,Geneid
GO Biological Processes,19,GO:0070059,intrinsic apoptotic signaling pathway in response to endoplasmic reticulum stress,19_GO:0023052 signaling,-2.2,5.5,3.9,20504,64,234,4,1.7,0.85,12043|76072|170770|228775,Bcl2|Rnf183|Bbc3|Trib3,-0.38,Geneid
GO Biological Processes,19,GO:0046777,protein autophosphorylation,19_GO:0008152 metabolic process,-2.2,2.9,3.2,20504,238,234,8,3.4,1.2,12322|13631|14083|14159|18479|18679|18752|22165,Camk2a|Eef2k|Ptk2|Fes|Pak1|Phka1|Prkcg|Txk,-0.38,Geneid
GO Biological Processes,19,GO:0002675,positive regulation of acute inflammatory response,19_GO:0048518 positive regulation of biological process,-2.2,8,4.3,20504,33,234,3,1.3,0.74,12775|14131|20304,Ccr7|Fcgr3|Ccl5,-0.38,Geneid
GO Biological Processes,19,GO:0060487,lung epithelial cell differentiation,19_GO:0032502 developmental process,-2.2,8,4.3,20504,33,234,3,1.3,0.74,16598|18028|252973,Klf2|Nfib|Grhl2,-0.38,Geneid
GO Biological Processes,19,GO:0044275,cellular carbohydrate catabolic process,19_GO:0008152 metabolic process,-2.2,8,4.3,20504,33,234,3,1.3,0.74,15483|105651|244416,Hsd11b1|Ppp1r3e|Ppp1r3b,-0.38,Geneid
GO Biological Processes,19,GO:0097435,supramolecular fiber organization,19_GO:0009987 cellular process,-2.2,2,2.9,20504,756,234,17,7.3,1.7,12043|13609|14159|15901|17127|17888|18479|18708|22351|22793|27360|50490|50525|50874|66214|216033|237860,Bcl2|S1pr1|Fes|Id1|Smad3|Myh6|Pak1|Pik3r1|Vill|Zyx|Add3|Nox4|Spag6l|Tmod4|Rgcc|Ctnna3|Ssh2,-0.38,Geneid
GO Biological Processes,19,GO:0030218,erythrocyte differentiation,19_GO:0002376 immune system process,-2.2,3.7,3.4,20504,144,234,6,2.6,1,15203|15902|16598|18174|22695|50794,Heph|Id2|Klf2|Slc11a2|Zfp36|Klf13,-0.38,Geneid
GO Biological Processes,19,GO:0046942,carboxylic acid transport,19_GO:0051179 localization,-2.2,2.7,3.2,20504,290,234,9,3.8,1.3,13723|17869|18479|20532|26365|27413|65106|108116|217316,Emb|Myc|Pak1|Slc3a1|Ceacam1|Abcb11|Arl6ip5|Slco3a1|Slc16a5,-0.38,Geneid
GO Biological Processes,19,GO:0030593,neutrophil chemotaxis,19_GO:0040011 locomotion,-2.2,4.3,3.6,20504,102,234,5,2.1,0.95,12775|14131|18578|20304|20343,Ccr7|Fcgr3|Pde4b|Ccl5|Sell,-0.38,Geneid
GO Biological Processes,19,GO:0042063,gliogenesis,19_GO:0032502 developmental process,-2.2,2.5,3.1,20504,344,234,10,4.3,1.3,12579|14083|14268|15902|15979|16842|17869|18028|21416|224109,Cdkn2b|Ptk2|Fn1|Id2|Ifngr1|Lef1|Myc|Nfib|Tcf7l2|Nrros,-0.38,Geneid
GO Biological Processes,19,GO:0120161,regulation of cold-induced thermogenesis,19_GO:0032501 multicellular organismal process,-2.2,3.6,3.4,20504,145,234,6,2.6,1,11555|15901|16182|16190|231507|329003,Adrb2|Id1|Il18r1|Il4ra|Plac8|Zfp516,-0.37,Geneid
GO Biological Processes,19,GO:0001818,negative regulation of cytokine production,19_GO:0048519 negative regulation of biological process,-2.2,2.7,3.1,20504,292,234,9,3.8,1.3,12775|14268|16598|16842|22695|26365|52392|66214|269855,Ccr7|Fn1|Klf2|Lef1|Zfp36|Ceacam1|Macir|Rgcc|Ssc5d,-0.37,Geneid
KEGG Pathway,24,mmu04933,AGE-RAGE signaling pathway in diabetic complications,,-2.2,4.3,3.6,20504,103,234,5,2.1,0.95,12043|12826|14268|17127|18708,Bcl2|Col4a1|Fn1|Smad3|Pik3r1,-0.37,Geneid
GO Biological Processes,19,GO:0036293,response to decreased oxygen levels,19_GO:0050896 response to stimulus,-2.2,2.9,3.2,20504,241,234,8,3.4,1.2,11555|12043|17127|17869|18174|18479|66214|69219,Adrb2|Bcl2|Smad3|Myc|Slc11a2|Pak1|Rgcc|Ddah1,-0.36,Geneid
GO Biological Processes,19,GO:0071333,cellular response to glucose stimulus,19_GO:0050896 response to stimulus,-2.2,3.6,3.4,20504,146,234,6,2.6,1,12290|19055|19376|21416|50490|93691,Cacna1e|Ppp3ca|Rab34|Tcf7l2|Nox4|Klf7,-0.36,Geneid
GO Biological Processes,19,GO:0060479,lung cell differentiation,19_GO:0032502 developmental process,-2.2,7.7,4.2,20504,34,234,3,1.3,0.74,16598|18028|252973,Klf2|Nfib|Grhl2,-0.36,Geneid
GO Biological Processes,19,GO:0033687,osteoblast proliferation,19_GO:0009987 cellular process,-2.2,7.7,4.2,20504,34,234,3,1.3,0.74,12043|17127|329278,Bcl2|Smad3|Tnn,-0.36,Geneid
GO Biological Processes,19,GO:0010758,regulation of macrophage chemotaxis,19_GO:0040011 locomotion,-2.2,7.7,4.2,20504,34,234,3,1.3,0.74,12775|14083|20304,Ccr7|Ptk2|Ccl5,-0.36,Geneid
GO Biological Processes,19,GO:0007416,synapse assembly,19_GO:0032502 developmental process,-2.2,3.2,3.3,20504,193,234,7,3,1.1,12550|13048|13631|14083|18708|20351|105827,Cdh1|Cux2|Eef2k|Ptk2|Pik3r1|Sema4a|Amigo2,-0.36,Geneid
GO Biological Processes,19,GO:0003300,cardiac muscle hypertrophy,19_GO:0032501 multicellular organismal process,-2.2,4.2,3.5,20504,104,234,5,2.1,0.95,14083|17127|17888|18479|19055,Ptk2|Smad3|Myh6|Pak1|Ppp3ca,-0.36,Geneid
WikiPathways,27,WP488,Alpha 6 beta 4 integrin signaling pathway,,-2.2,5.3,3.8,20504,66,234,4,1.7,0.85,14083|17127|18479|18708,Ptk2|Smad3|Pak1|Pik3r1,-0.36,Geneid
GO Biological Processes,19,GO:0043467,regulation of generation of precursor metabolites and energy,19_GO:0008152 metabolic process,-2.2,3.6,3.4,20504,147,234,6,2.6,1,15483|17869|66148|72106|105651|244416,Hsd11b1|Myc|Dnajc15|Jmjd8|Ppp1r3e|Ppp1r3b,-0.36,Geneid
GO Biological Processes,19,GO:0106106,cold-induced thermogenesis,19_GO:0032501 multicellular organismal process,-2.2,3.6,3.4,20504,147,234,6,2.6,1,11555|15901|16182|16190|231507|329003,Adrb2|Id1|Il18r1|Il4ra|Plac8|Zfp516,-0.36,Geneid
GO Biological Processes,19,GO:0008285,negative regulation of cell population proliferation,19_GO:0048519 negative regulation of biological process,-2.2,1.9,2.9,20504,766,234,17,7.3,1.7,11482|12043|12227|12550|12579|17127|17869|18028|18479|18708|26365|50490|50794|66214|69219|71648|329278,Acvrl1|Bcl2|Btg2|Cdh1|Cdkn2b|Smad3|Myc|Nfib|Pak1|Pik3r1|Ceacam1|Nox4|Klf13|Rgcc|Ddah1|Optn|Tnn,-0.35,Geneid
GO Biological Processes,19,GO:0071456,cellular response to hypoxia,19_GO:0050896 response to stimulus,-2.1,4.2,3.5,20504,105,234,5,2.1,0.95,11555|12043|17869|66214|69219,Adrb2|Bcl2|Myc|Rgcc|Ddah1,-0.35,Geneid
GO Biological Processes,19,GO:0071331,cellular response to hexose stimulus,19_GO:0050896 response to stimulus,-2.1,3.6,3.3,20504,148,234,6,2.6,1,12290|19055|19376|21416|50490|93691,Cacna1e|Ppp3ca|Rab34|Tcf7l2|Nox4|Klf7,-0.35,Geneid
GO Biological Processes,19,GO:0048638,regulation of developmental growth,19_GO:0040007 growth,-2.1,2.4,3,20504,406,234,11,4.7,1.4,11555|12043|14083|14268|17888|18479|20351|20437|21416|73094|231507,Adrb2|Bcl2|Ptk2|Fn1|Myh6|Pak1|Sema4a|Siah1a|Tcf7l2|Sgip1|Plac8,-0.35,Geneid
KEGG Pathway,24,ko04720,Long-term potentiation,,-2.1,5.2,3.7,20504,67,234,4,1.7,0.85,12322|18752|19055|67071,Camk2a|Prkcg|Ppp3ca|Rps6ka6,-0.35,Geneid
GO Biological Processes,19,GO:0031342,negative regulation of cell killing,19_GO:0048519 negative regulation of biological process,-2.1,7.5,4.1,20504,35,234,3,1.3,0.74,16197|16643|26365,Il7r|Klrd1|Ceacam1,-0.35,Geneid
GO Biological Processes,19,GO:0043537,negative regulation of blood vessel endothelial cell migration,19_GO:0040011 locomotion,-2.1,7.5,4.1,20504,35,234,3,1.3,0.74,11482|66214|105844,Acvrl1|Rgcc|Card10,-0.35,Geneid
GO Biological Processes,19,GO:0016339,calcium-dependent cell-cell adhesion via plasma membrane cell adhesion molecules,19_GO:0022610 biological adhesion,-2.1,7.5,4.1,20504,35,234,3,1.3,0.74,12550|20343|26365,Cdh1|Sell|Ceacam1,-0.35,Geneid
GO Biological Processes,19,GO:0045598,regulation of fat cell differentiation,19_GO:0032502 developmental process,-2.1,3.5,3.3,20504,149,234,6,2.6,1,15902|17127|21416|22695|223435|228775,Id2|Smad3|Tcf7l2|Zfp36|Trio|Trib3,-0.35,Geneid
GO Biological Processes,19,GO:0071326,cellular response to monosaccharide stimulus,19_GO:0050896 response to stimulus,-2.1,3.5,3.3,20504,149,234,6,2.6,1,12290|19055|19376|21416|50490|93691,Cacna1e|Ppp3ca|Rab34|Tcf7l2|Nox4|Klf7,-0.35,Geneid
KEGG Pathway,24,ko05146,Amoebiasis,,-2.1,4.1,3.5,20504,106,234,5,2.1,0.95,12826|14083|14268|18708|18752,Col4a1|Ptk2|Fn1|Pik3r1|Prkcg,-0.34,Geneid
GO Biological Processes,19,GO:0003015,heart process,19_GO:0032501 multicellular organismal process,-2.1,2.8,3.1,20504,246,234,8,3.4,1.2,11555|12290|17888|18578|18708|29856|50490|216033,Adrb2|Cacna1e|Myh6|Pde4b|Pik3r1|Smtn|Nox4|Ctnna3,-0.34,Geneid
GO Biological Processes,19,GO:0090287,regulation of cellular response to growth factor stimulus,19_GO:0050896 response to stimulus,-2.1,2.6,3.1,20504,299,234,9,3.8,1.3,11482|12579|17127|17999|21416|68010|76905|224109|278507,Acvrl1|Cdkn2b|Smad3|Nedd4|Tcf7l2|Bambi|Lrg1|Nrros|Wfikkn2,-0.34,Geneid
GO Biological Processes,19,GO:0002262,myeloid cell homeostasis,19_GO:0002376 immune system process,-2.1,3.1,3.2,20504,197,234,7,3,1.1,15203|15902|16598|18174|18578|22695|50794,Heph|Id2|Klf2|Slc11a2|Pde4b|Zfp36|Klf13,-0.34,Geneid
GO Biological Processes,19,GO:0006109,regulation of carbohydrate metabolic process,19_GO:0008152 metabolic process,-2.1,3.1,3.2,20504,197,234,7,3,1.1,15483|16010|17869|21416|72106|105651|244416,Hsd11b1|Igfbp4|Myc|Tcf7l2|Jmjd8|Ppp1r3e|Ppp1r3b,-0.34,Geneid
GO Biological Processes,19,GO:0008016,regulation of heart contraction,19_GO:0032501 multicellular organismal process,-2.1,3.1,3.2,20504,197,234,7,3,1.1,11555|12290|17888|18578|18708|29856|216033,Adrb2|Cacna1e|Myh6|Pde4b|Pik3r1|Smtn|Ctnna3,-0.34,Geneid
KEGG Pathway,24,mmu04720,Long-term potentiation,,-2.1,5.2,3.7,20504,68,234,4,1.7,0.85,12322|18752|19055|67071,Camk2a|Prkcg|Ppp3ca|Rps6ka6,-0.34,Geneid
WikiPathways,27,WP523,Regulation of actin cytoskeleton,,-2.1,3.5,3.3,20504,151,234,6,2.6,1,14083|14268|18479|18708|237860|320207,Ptk2|Fn1|Pak1|Pik3r1|Ssh2|Pik3r5,-0.33,Geneid
Reactome Gene Sets,6,R-MMU-111465,Apoptotic cleavage of cellular proteins,,-2.1,7.3,4.1,20504,36,234,3,1.3,0.74,12550|14083|20230,Cdh1|Ptk2|Satb1,-0.33,Geneid
GO Biological Processes,19,GO:0014897,striated muscle hypertrophy,19_GO:0032501 multicellular organismal process,-2.1,4.1,3.4,20504,108,234,5,2.1,0.95,14083|17127|17888|18479|19055,Ptk2|Smad3|Myh6|Pak1|Ppp3ca,-0.33,Geneid
KEGG Pathway,24,mmu04066,HIF-1 signaling pathway,,-2.1,4.1,3.4,20504,108,234,5,2.1,0.95,12043|12322|15979|18708|18752,Bcl2|Camk2a|Ifngr1|Pik3r1|Prkcg,-0.33,Geneid
KEGG Pathway,24,mmu05146,Amoebiasis,,-2.1,4.1,3.4,20504,108,234,5,2.1,0.95,12826|14083|14268|18708|18752,Col4a1|Ptk2|Fn1|Pik3r1|Prkcg,-0.33,Geneid
GO Biological Processes,19,GO:0001763,morphogenesis of a branching structure,19_GO:0032502 developmental process,-2.1,2.8,3.1,20504,249,234,8,3.4,1.2,12043|12550|12826|16842|17869|18479|18514|252973,Bcl2|Cdh1|Col4a1|Lef1|Myc|Pak1|Pbx1|Grhl2,-0.33,Geneid
GO Biological Processes,19,GO:0150116,regulation of cell-substrate junction organization,19_GO:0050789 regulation of biological process,-2.1,5.1,3.6,20504,69,234,4,1.7,0.85,11482|14083|17127|18708,Acvrl1|Ptk2|Smad3|Pik3r1,-0.33,Geneid
GO Biological Processes,19,GO:0007423,sensory organ development,19_GO:0032502 developmental process,-2.1,2,2.8,20504,651,234,15,6.4,1.6,11482|12043|12550|12826|13409|16842|17127|17869|18514|18587|29815|50525|108072|224224|252973,Acvrl1|Bcl2|Cdh1|Col4a1|Tmc1|Lef1|Smad3|Myc|Pbx1|Pde6b|Bcar3|Spag6l|Grm6|Impg2|Grhl2,-0.33,Geneid
WikiPathways,27,WP385,Myometrial relaxation and contraction pathways,,-2.1,3.5,3.3,20504,152,234,6,2.6,1,11910|12322|16010|18578|18752|22630,Atf3|Camk2a|Igfbp4|Pde4b|Prkcg|Ywhaq,-0.33,Geneid
GO Biological Processes,19,GO:1902106,negative regulation of leukocyte differentiation,19_GO:0002376 immune system process,-2.1,4,3.4,20504,109,234,5,2.1,0.95,15902|16190|17869|18708|26365,Id2|Il4ra|Myc|Pik3r1|Ceacam1,-0.32,Geneid
KEGG Pathway,24,ko04150,mTOR signaling pathway,,-2.1,3.4,3.2,20504,153,234,6,2.6,1,18708|18752|52187|67071|97998|320311,Pik3r1|Prkcg|Rragd|Rps6ka6|Deptor|Rnf152,-0.32,Geneid
KEGG Pathway,24,mmu04150,mTOR signaling pathway,,-2.1,3.4,3.2,20504,153,234,6,2.6,1,18708|18752|52187|67071|97998|320311,Pik3r1|Prkcg|Rragd|Rps6ka6|Deptor|Rnf152,-0.32,Geneid
GO Biological Processes,19,GO:0030837,negative regulation of actin filament polymerization,19_GO:0048519 negative regulation of biological process,-2.1,5,3.6,20504,70,234,4,1.7,0.85,22351|27360|50874|237860,Vill|Add3|Tmod4|Ssh2,-0.31,Geneid
Reactome Gene Sets,6,R-MMU-8875878,MET promotes cell motility,,-2.1,7.1,4,20504,37,234,3,1.3,0.74,14083|14268|373864,Ptk2|Fn1|Col27a1,-0.31,Geneid
GO Biological Processes,19,GO:0001837,epithelial to mesenchymal transition,19_GO:0032502 developmental process,-2.1,3.4,3.2,20504,154,234,6,2.6,1,11482|16842|17127|21416|66214|68010,Acvrl1|Lef1|Smad3|Tcf7l2|Rgcc|Bambi,-0.31,Geneid
GO Biological Processes,19,GO:0014896,muscle hypertrophy,19_GO:0032501 multicellular organismal process,-2.1,4,3.4,20504,110,234,5,2.1,0.95,14083|17127|17888|18479|19055,Ptk2|Smad3|Myh6|Pak1|Ppp3ca,-0.31,Geneid
GO Biological Processes,19,GO:0001503,ossification,19_GO:0032501 multicellular organismal process,-2.1,2.3,2.9,20504,418,234,11,4.7,1.4,11555|12043|13609|14083|15901|15902|17127|18514|21416|68010|329278,Adrb2|Bcl2|S1pr1|Ptk2|Id1|Id2|Smad3|Pbx1|Tcf7l2|Bambi|Tnn,-0.3,Geneid
GO Biological Processes,19,GO:1903707,negative regulation of hemopoiesis,19_GO:0002376 immune system process,-2,3.9,3.3,20504,111,234,5,2.1,0.95,15902|16190|17869|18708|26365,Id2|Il4ra|Myc|Pik3r1|Ceacam1,-0.3,Geneid
GO Biological Processes,19,GO:0048732,gland development,19_GO:0032502 developmental process,-2,2.2,2.9,20504,477,234,12,5.1,1.4,12043|12550|15902|16842|17127|18028|18514|18793|18812|21416|26365|545156,Bcl2|Cdh1|Id2|Lef1|Smad3|Nfib|Pbx1|Plaur|Prl2c3|Tcf7l2|Ceacam1|Kalrn,-0.3,Geneid
GO Biological Processes,19,GO:0097193,intrinsic apoptotic signaling pathway,19_GO:0023052 signaling,-2,2.6,3,20504,307,234,9,3.8,1.3,12043|17869|18708|18793|20437|65106|76072|170770|228775,Bcl2|Myc|Pik3r1|Plaur|Siah1a|Arl6ip5|Rnf183|Bbc3|Trib3,-0.3,Geneid
GO Biological Processes,19,GO:0090092,regulation of transmembrane receptor protein serine/threonine kinase signaling pathway,19_GO:0023052 signaling,-2,2.8,3,20504,254,234,8,3.4,1.2,11482|12579|17127|21416|68010|76905|224109|278507,Acvrl1|Cdkn2b|Smad3|Tcf7l2|Bambi|Lrg1|Nrros|Wfikkn2,-0.3,Geneid
GO Biological Processes,19,GO:0034101,erythrocyte homeostasis,19_GO:0002376 immune system process,-2,3.4,3.2,20504,156,234,6,2.6,1,15203|15902|16598|18174|22695|50794,Heph|Id2|Klf2|Slc11a2|Zfp36|Klf13,-0.3,Geneid
GO Biological Processes,19,GO:0001539,cilium or flagellum-dependent cell motility,19_GO:0040011 locomotion,-2,3.4,3.2,20504,156,234,6,2.6,1,12290|18830|50525|212517|213402|381738,Cacna1e|Pltp|Spag6l|Cfap44|Armc2|Drc1,-0.3,Geneid
GO Biological Processes,19,GO:0060285,cilium-dependent cell motility,19_GO:0040011 locomotion,-2,3.4,3.2,20504,156,234,6,2.6,1,12290|18830|50525|212517|213402|381738,Cacna1e|Pltp|Spag6l|Cfap44|Armc2|Drc1,-0.3,Geneid
GO Biological Processes,19,GO:0031347,regulation of defense response,19_GO:0050896 response to stimulus,-2,2,2.8,20504,599,234,14,6,1.6,11555|12775|14131|16643|17127|19376|20304|22165|22695|26365|52392|71648|74603|100033459,Adrb2|Ccr7|Fcgr3|Klrd1|Smad3|Rab34|Ccl5|Txk|Zfp36|Ceacam1|Macir|Optn|Cd200r3|Ifi208,-0.3,Geneid
GO Biological Processes,19,GO:0034762,regulation of transmembrane transport,19_GO:0051179 localization,-2,2,2.8,20504,599,234,14,6,1.6,11555|12043|12290|13409|15979|16512|17869|17999|18578|20167|65106|80281|228775|329152,Adrb2|Bcl2|Cacna1e|Tmc1|Ifngr1|Kcnh3|Myc|Nedd4|Pde4b|Rtn2|Arl6ip5|Cttnbp2nl|Trib3|Hecw2,-0.3,Geneid
GO Biological Processes,19,GO:0090257,regulation of muscle system process,19_GO:0032501 multicellular organismal process,-2,2.7,3,20504,255,234,8,3.4,1.2,11555|14083|17127|18479|18578|19055|29856|216033,Adrb2|Ptk2|Smad3|Pak1|Pde4b|Ppp3ca|Smtn|Ctnna3,-0.3,Geneid
Reactome Gene Sets,6,R-MMU-1433557,Signaling by SCF-KIT,,-2,6.9,3.9,20504,38,234,3,1.3,0.74,14159|17444|18708,Fes|Grap2|Pik3r1,-0.29,Geneid
GO Biological Processes,19,GO:0002763,positive regulation of myeloid leukocyte differentiation,19_GO:0002376 immune system process,-2,4.9,3.5,20504,72,234,4,1.7,0.85,14159|15902|16842|20304,Fes|Id2|Lef1|Ccl5,-0.29,Geneid
Reactome Gene Sets,6,R-MMU-74752,Signaling by Insulin receptor,,-2,4.9,3.5,20504,72,234,4,1.7,0.85,11975|18708|228775|242341,Atp6v0a1|Pik3r1|Trib3|Atp6v0d2,-0.29,Geneid
GO Biological Processes,19,GO:0045428,regulation of nitric oxide biosynthetic process,19_GO:0008152 metabolic process,-2,4.9,3.5,20504,72,234,4,1.7,0.85,11898|16598|17127|69219,Ass1|Klf2|Smad3|Ddah1,-0.29,Geneid
Reactome Gene Sets,6,R-MMU-422475,Axon guidance,,-2,2.7,3,20504,256,234,8,3.4,1.2,12826|14083|14159|18708|20351|20437|223435|545156,Col4a1|Ptk2|Fes|Pik3r1|Sema4a|Siah1a|Trio|Kalrn,-0.29,Geneid
GO Biological Processes,19,GO:0097530,granulocyte migration,19_GO:0040011 locomotion,-2,3.3,3.2,20504,157,234,6,2.6,1,12775|14083|14131|18578|20304|20343,Ccr7|Ptk2|Fcgr3|Pde4b|Ccl5|Sell,-0.29,Geneid
GO Biological Processes,19,GO:0071322,cellular response to carbohydrate stimulus,19_GO:0050896 response to stimulus,-2,3.3,3.2,20504,157,234,6,2.6,1,12290|19055|19376|21416|50490|93691,Cacna1e|Ppp3ca|Rab34|Tcf7l2|Nox4|Klf7,-0.29,Geneid
GO Biological Processes,19,GO:0008360,regulation of cell shape,19_GO:0032502 developmental process,-2,3.3,3.2,20504,157,234,6,2.6,1,14083|14159|14268|20351|68010|244418,Ptk2|Fes|Fn1|Sema4a|Bambi|Prag1,-0.29,Geneid
Reactome Gene Sets,6,R-MMU-9675108,Nervous system development,,-2,2.7,3,20504,257,234,8,3.4,1.2,12826|14083|14159|18708|20351|20437|223435|545156,Col4a1|Ptk2|Fes|Pik3r1|Sema4a|Siah1a|Trio|Kalrn,-0.29,Geneid
KEGG Pathway,24,mmu04725,Cholinergic synapse,,-2,3.9,3.3,20504,113,234,5,2.1,0.95,12043|12322|18708|18752|320207,Bcl2|Camk2a|Pik3r1|Prkcg|Pik3r5,-0.29,Geneid
GO Biological Processes,19,GO:0030856,regulation of epithelial cell differentiation,19_GO:0032502 developmental process,-2,3.3,3.2,20504,158,234,6,2.6,1,11482|15901|22695|26365|93691|252973,Acvrl1|Id1|Zfp36|Ceacam1|Klf7|Grhl2,-0.29,Geneid
GO Biological Processes,19,GO:0045667,regulation of osteoblast differentiation,19_GO:0032502 developmental process,-2,3.3,3.2,20504,158,234,6,2.6,1,14083|15901|15902|17127|68010|329278,Ptk2|Id1|Id2|Smad3|Bambi|Tnn,-0.29,Geneid
Reactome Gene Sets,6,R-MMU-6806834,Signaling by MET,,-2,4.8,3.5,20504,73,234,4,1.7,0.85,14083|14268|18708|373864,Ptk2|Fn1|Pik3r1|Col27a1,-0.29,Geneid
GO Biological Processes,19,GO:2000107,negative regulation of leukocyte apoptotic process,19_GO:0048519 negative regulation of biological process,-2,4.8,3.5,20504,73,234,4,1.7,0.85,12775|14605|16197|20304,Ccr7|Tsc22d3|Il7r|Ccl5,-0.29,Geneid
GO Biological Processes,19,GO:0051493,regulation of cytoskeleton organization,19_GO:0050789 regulation of biological process,-2,2.1,2.8,20504,543,234,13,5.6,1.5,13609|14159|15901|17127|18479|18708|22351|27360|50490|50874|66214|213582|237860,S1pr1|Fes|Id1|Smad3|Pak1|Pik3r1|Vill|Add3|Nox4|Tmod4|Rgcc|Map9|Ssh2,-0.28,Geneid
GO Biological Processes,19,GO:0071902,positive regulation of protein serine/threonine kinase activity,19_GO:0048518 positive regulation of biological process,-2,3,3.1,20504,207,234,7,3,1.1,11555|12775|18479|26365|50490|66214|320207,Adrb2|Ccr7|Pak1|Ceacam1|Nox4|Rgcc|Pik3r5,-0.28,Geneid
GO Biological Processes,19,GO:1903670,regulation of sprouting angiogenesis,19_GO:0032502 developmental process,-2,6.7,3.9,20504,39,234,3,1.3,0.74,16598|26365|72106,Klf2|Ceacam1|Jmjd8,-0.28,Geneid
GO Biological Processes,19,GO:0051452,intracellular pH reduction,19_GO:0065007 biological regulation,-2,6.7,3.9,20504,39,234,3,1.3,0.74,11975|12043|242341,Atp6v0a1|Bcl2|Atp6v0d2,-0.28,Geneid
