Name,Category,CategoryID,GO,Description,PARENT_GO,LogP,Enrichment,Z-score,#TotalGeneInLibrary,#GeneInGO,#GeneInHitList,#GeneInGOAndHitList,%InGO,STDV %InGO,GeneID,Hits,Log(q-value)
Geneid,GO Biological Processes,19,GO:0050863,regulation of T cell activation,19_GO:0002376 immune system process,-7.4,7.9,8.6,20504,342,91,12,13,3.5,11629|12520|12775|13642|15519|16195|16842|20971|21414|60505|74734|234396,Aif1|Cd81|Ccr7|Efnb2|Hsp90aa1|Il6st|Lef1|Sdc4|Tcf7|Il21|Rhoh|Ankle1,-4.5
Geneid,GO Biological Processes,19,GO:0050920,regulation of chemotaxis,19_GO:0040011 locomotion,-7.1,9.8,9,20504,230,91,10,11,3.3,11629|12775|12977|13642|14173|18846|20343|22415|214968|243743,Aif1|Ccr7|Csf1|Efnb2|Fgf2|Plxna3|Sell|Wnt3|Sema6d|Plxna4,-4.2
Geneid,GO Biological Processes,19,GO:0030335,positive regulation of cell migration,19_GO:0040011 locomotion,-6.7,5.5,7.3,20504,571,91,14,15,3.8,11629|12775|12977|14173|16001|16195|16842|17387|18508|18805|20343|22051|71653|214968,Aif1|Ccr7|Csf1|Fgf2|Igf1r|Il6st|Lef1|Mmp14|Pax6|Pld1|Sell|Trip6|Shtn1|Sema6d,-3.8
Geneid,GO Biological Processes,19,GO:0030010,establishment of cell polarity,19_GO:0009987 cellular process,-6.4,12,9,20504,151,91,8,8.8,3,12615|12775|15519|16001|18508|71653|76260|94190,Cenpa|Ccr7|Hsp90aa1|Igf1r|Pax6|Shtn1|Ttc8|Ophn1,-3.6
Geneid,GO Biological Processes,19,GO:2000147,positive regulation of cell motility,19_GO:0040011 locomotion,-6.4,5.3,7.1,20504,597,91,14,15,3.8,11629|12775|12977|14173|16001|16195|16842|17387|18508|18805|20343|22051|71653|214968,Aif1|Ccr7|Csf1|Fgf2|Igf1r|Il6st|Lef1|Mmp14|Pax6|Pld1|Sell|Trip6|Shtn1|Sema6d,-3.6
Geneid,GO Biological Processes,19,GO:0050870,positive regulation of T cell activation,19_GO:0022610 biological adhesion,-6.3,9.4,8.3,20504,216,91,9,9.9,3.1,11629|12520|12775|13642|15519|16195|16842|60505|74734,Aif1|Cd81|Ccr7|Efnb2|Hsp90aa1|Il6st|Lef1|Il21|Rhoh,-3.5
Geneid,GO Biological Processes,19,GO:0051272,positive regulation of cellular component movement,19_GO:0051179 localization,-6.3,5.1,7,20504,614,91,14,15,3.8,11629|12775|12977|14173|16001|16195|16842|17387|18508|18805|20343|22051|71653|214968,Aif1|Ccr7|Csf1|Fgf2|Igf1r|Il6st|Lef1|Mmp14|Pax6|Pld1|Sell|Trip6|Shtn1|Sema6d,-3.5
Geneid,GO Biological Processes,19,GO:0040017,positive regulation of locomotion,19_GO:0040011 locomotion,-6.3,5.1,6.9,20504,615,91,14,15,3.8,11629|12775|12977|14173|16001|16195|16842|17387|18508|18805|20343|22051|71653|214968,Aif1|Ccr7|Csf1|Fgf2|Igf1r|Il6st|Lef1|Mmp14|Pax6|Pld1|Sell|Trip6|Shtn1|Sema6d,-3.5
Geneid,GO Biological Processes,19,GO:0006935,chemotaxis,19_GO:0040011 locomotion,-6.2,5.1,6.9,20504,623,91,14,15,3.8,11629|12775|12977|13642|14173|16842|18508|18846|20343|22415|74734|76260|214968|243743,Aif1|Ccr7|Csf1|Efnb2|Fgf2|Lef1|Pax6|Plxna3|Sell|Wnt3|Rhoh|Ttc8|Sema6d|Plxna4,-3.5
Geneid,GO Biological Processes,19,GO:0042330,taxis,19_GO:0040011 locomotion,-6.2,5,6.8,20504,628,91,14,15,3.8,11629|12775|12977|13642|14173|16842|18508|18846|20343|22415|74734|76260|214968|243743,Aif1|Ccr7|Csf1|Efnb2|Fgf2|Lef1|Pax6|Plxna3|Sell|Wnt3|Rhoh|Ttc8|Sema6d|Plxna4,-3.4
Geneid,GO Biological Processes,19,GO:0007163,establishment or maintenance of cell polarity,19_GO:0009987 cellular process,-6.1,9,8,20504,226,91,9,9.9,3.1,12615|12775|15519|16001|18508|71653|74734|76260|94190,Cenpa|Ccr7|Hsp90aa1|Igf1r|Pax6|Shtn1|Rhoh|Ttc8|Ophn1,-3.4
Geneid,GO Biological Processes,19,GO:0007159,leukocyte cell-cell adhesion,19_GO:0022610 biological adhesion,-6.1,6.6,7.3,20504,373,91,11,12,3.4,11629|12520|12775|13642|15519|16195|16842|20343|20971|60505|74734,Aif1|Cd81|Ccr7|Efnb2|Hsp90aa1|Il6st|Lef1|Sell|Sdc4|Il21|Rhoh,-3.4
Geneid,GO Biological Processes,19,GO:1903039,positive regulation of leukocyte cell-cell adhesion,19_GO:0022610 biological adhesion,-5.9,8.4,7.8,20504,240,91,9,9.9,3.1,11629|12520|12775|13642|15519|16195|16842|60505|74734,Aif1|Cd81|Ccr7|Efnb2|Hsp90aa1|Il6st|Lef1|Il21|Rhoh,-3.3
Geneid,GO Biological Processes,19,GO:1902105,regulation of leukocyte differentiation,19_GO:0002376 immune system process,-5.8,7,7.2,20504,323,91,10,11,3.3,12775|12977|15519|16842|17387|21414|60505|74734|234396|234515,Ccr7|Csf1|Hsp90aa1|Lef1|Mmp14|Tcf7|Il21|Rhoh|Ankle1|Inpp4b,-3.2
Geneid,GO Biological Processes,19,GO:1903037,regulation of leukocyte cell-cell adhesion,19_GO:0022610 biological adhesion,-5.7,6.8,7.1,20504,333,91,10,11,3.3,11629|12520|12775|13642|15519|16195|16842|20971|60505|74734,Aif1|Cd81|Ccr7|Efnb2|Hsp90aa1|Il6st|Lef1|Sdc4|Il21|Rhoh,-3.1
Geneid,GO Biological Processes,19,GO:0051249,regulation of lymphocyte activation,19_GO:0002376 immune system process,-5.5,4.8,6.4,20504,611,91,13,14,3.7,11629|12520|12775|13642|15519|16195|16842|17387|20971|21414|60505|74734|234396,Aif1|Cd81|Ccr7|Efnb2|Hsp90aa1|Il6st|Lef1|Mmp14|Sdc4|Tcf7|Il21|Rhoh|Ankle1,-3
Geneid,KEGG Pathway,24,mmu05215,Prostate cancer,,-5.5,15,8.8,20504,91,91,6,6.6,2.6,11839|15519|16001|16842|18710|21414,Areg|Hsp90aa1|Igf1r|Lef1|Pik3r3|Tcf7,-3
Geneid,GO Biological Processes,19,GO:0045619,regulation of lymphocyte differentiation,19_GO:0002376 immune system process,-5.5,8.9,7.6,20504,202,91,8,8.8,3,12775|15519|16842|17387|21414|60505|74734|234396,Ccr7|Hsp90aa1|Lef1|Mmp14|Tcf7|Il21|Rhoh|Ankle1,-3
Geneid,GO Biological Processes,19,GO:0120035,regulation of plasma membrane bounded cell projection organization,19_GO:0050789 regulation of biological process,-5.4,4.3,6.1,20504,737,91,14,15,3.8,12775|13642|16001|18508|18805|18846|21809|22415|26563|52163|71653|74498|214968|243743,Ccr7|Efnb2|Igf1r|Pax6|Pld1|Plxna3|Tgfb3|Wnt3|Ror1|Camk1|Shtn1|Gorasp1|Sema6d|Plxna4,-2.9
Geneid,GO Biological Processes,19,GO:0022409,positive regulation of cell-cell adhesion,19_GO:0022610 biological adhesion,-5.3,7,6.9,20504,288,91,9,9.9,3.1,11629|12520|12775|13642|15519|16195|16842|60505|74734,Aif1|Cd81|Ccr7|Efnb2|Hsp90aa1|Il6st|Lef1|Il21|Rhoh,-2.8
Geneid,GO Biological Processes,19,GO:0031344,regulation of cell projection organization,19_GO:0050789 regulation of biological process,-5.3,4.2,6,20504,753,91,14,15,3.8,12775|13642|16001|18508|18805|18846|21809|22415|26563|52163|71653|74498|214968|243743,Ccr7|Efnb2|Igf1r|Pax6|Pld1|Plxna3|Tgfb3|Wnt3|Ror1|Camk1|Shtn1|Gorasp1|Sema6d|Plxna4,-2.8
Geneid,GO Biological Processes,19,GO:0042110,T cell activation,19_GO:0002376 immune system process,-5.2,4.9,6.2,20504,550,91,12,13,3.5,11629|12520|12775|13642|15519|16195|16842|20971|21414|60505|74734|234396,Aif1|Cd81|Ccr7|Efnb2|Hsp90aa1|Il6st|Lef1|Sdc4|Tcf7|Il21|Rhoh|Ankle1,-2.8
Geneid,GO Biological Processes,19,GO:0048667,cell morphogenesis involved in neuron differentiation,19_GO:0032502 developmental process,-5.2,4.5,6,20504,657,91,13,14,3.7,13642|15519|16001|18508|18846|22415|71653|74498|74734|76260|94190|214968|243743,Efnb2|Hsp90aa1|Igf1r|Pax6|Plxna3|Wnt3|Shtn1|Gorasp1|Rhoh|Ttc8|Ophn1|Sema6d|Plxna4,-2.7
Geneid,GO Biological Processes,19,GO:0030155,regulation of cell adhesion,19_GO:0022610 biological adhesion,-5.1,4.1,5.8,20504,772,91,14,15,3.8,11629|12520|12775|12977|13642|15519|16195|16842|17387|18846|20971|60505|74734|243743,Aif1|Cd81|Ccr7|Csf1|Efnb2|Hsp90aa1|Il6st|Lef1|Mmp14|Plxna3|Sdc4|Il21|Rhoh|Plxna4,-2.7
Geneid,GO Biological Processes,19,GO:0045785,positive regulation of cell adhesion,19_GO:0022610 biological adhesion,-5.1,5.3,6.2,20504,472,91,11,12,3.4,11629|12520|12775|12977|13642|15519|16195|16842|20971|60505|74734,Aif1|Cd81|Ccr7|Csf1|Efnb2|Hsp90aa1|Il6st|Lef1|Sdc4|Il21|Rhoh,-2.7
Geneid,WikiPathways,27,WP441,Matrix metalloproteinases,,-5.1,31,11,20504,29,91,4,4.4,2.1,17385|17387|17388|21858,Mmp11|Mmp14|Mmp15|Timp2,-2.7
Geneid,GO Biological Processes,19,GO:0007409,axonogenesis,19_GO:0032502 developmental process,-5,5.1,6.1,20504,487,91,11,12,3.4,13642|15519|16001|18508|18846|22415|71653|74734|76260|214968|243743,Efnb2|Hsp90aa1|Igf1r|Pax6|Plxna3|Wnt3|Shtn1|Rhoh|Ttc8|Sema6d|Plxna4,-2.6
Geneid,GO Biological Processes,19,GO:0048729,tissue morphogenesis,19_GO:0032502 developmental process,-5,4.2,5.8,20504,690,91,13,14,3.7,11839|12977|13642|14173|16001|16842|17387|20971|21809|22415|76260|94190|106042,Areg|Csf1|Efnb2|Fgf2|Igf1r|Lef1|Mmp14|Sdc4|Tgfb3|Wnt3|Ttc8|Ophn1|Prickle1,-2.6
Geneid,GO Biological Processes,19,GO:1903706,regulation of hemopoiesis,19_GO:0002376 immune system process,-4.9,5.6,6.2,20504,401,91,10,11,3.3,12775|12977|15519|16842|17387|21414|60505|74734|234396|234515,Ccr7|Csf1|Hsp90aa1|Lef1|Mmp14|Tcf7|Il21|Rhoh|Ankle1|Inpp4b,-2.6
Geneid,Reactome Gene Sets,6,R-MMU-9009391,Extra-nuclear estrogen signaling,,-4.9,17,8.7,20504,67,91,5,5.5,2.4,11839|15519|16001|18710|66066,Areg|Hsp90aa1|Igf1r|Pik3r3|Gng11,-2.6
Geneid,GO Biological Processes,19,GO:0048841,regulation of axon extension involved in axon guidance,19_GO:0040007 growth,-4.9,27,10,20504,33,91,4,4.4,2.1,18846|22415|214968|243743,Plxna3|Wnt3|Sema6d|Plxna4,-2.5
Geneid,KEGG Pathway,24,mmu05200,Pathways in cancer,,-4.8,5.5,6.1,20504,411,91,10,11,3.3,11839|14173|15519|16001|16842|18710|21414|21809|22415|66066,Areg|Fgf2|Hsp90aa1|Igf1r|Lef1|Pik3r3|Tcf7|Tgfb3|Wnt3|Gng11,-2.5
Geneid,GO Biological Processes,19,GO:0045621,positive regulation of lymphocyte differentiation,19_GO:0002376 immune system process,-4.8,11,7.5,20504,120,91,6,6.6,2.6,12775|15519|16842|17387|60505|74734,Ccr7|Hsp90aa1|Lef1|Mmp14|Il21|Rhoh,-2.5
Geneid,GO Biological Processes,19,GO:0007411,axon guidance,19_GO:0040011 locomotion,-4.7,7.1,6.5,20504,255,91,8,8.8,3,13642|18508|18846|22415|74734|76260|214968|243743,Efnb2|Pax6|Plxna3|Wnt3|Rhoh|Ttc8|Sema6d|Plxna4,-2.4
Geneid,GO Biological Processes,19,GO:0002694,regulation of leukocyte activation,19_GO:0002376 immune system process,-4.7,4,5.6,20504,725,91,13,14,3.7,11629|12520|12775|13642|15519|16195|16842|17387|20971|21414|60505|74734|234396,Aif1|Cd81|Ccr7|Efnb2|Hsp90aa1|Il6st|Lef1|Mmp14|Sdc4|Tcf7|Il21|Rhoh|Ankle1,-2.4
Geneid,GO Biological Processes,19,GO:0097485,neuron projection guidance,19_GO:0040011 locomotion,-4.7,7,6.5,20504,256,91,8,8.8,3,13642|18508|18846|22415|74734|76260|214968|243743,Efnb2|Pax6|Plxna3|Wnt3|Rhoh|Ttc8|Sema6d|Plxna4,-2.4
Geneid,GO Biological Processes,19,GO:1902107,positive regulation of leukocyte differentiation,19_GO:0002376 immune system process,-4.7,8.4,6.8,20504,188,91,7,7.7,2.8,12775|12977|15519|16842|17387|60505|74734,Ccr7|Csf1|Hsp90aa1|Lef1|Mmp14|Il21|Rhoh,-2.4
Geneid,GO Biological Processes,19,GO:1903708,positive regulation of hemopoiesis,19_GO:0002376 immune system process,-4.7,8.4,6.8,20504,188,91,7,7.7,2.8,12775|12977|15519|16842|17387|60505|74734,Ccr7|Csf1|Hsp90aa1|Lef1|Mmp14|Il21|Rhoh,-2.4
Geneid,GO Biological Processes,19,GO:1902284,neuron projection extension involved in neuron projection guidance,19_GO:0040007 growth,-4.7,24,9.5,20504,37,91,4,4.4,2.1,18846|22415|214968|243743,Plxna3|Wnt3|Sema6d|Plxna4,-2.4
Geneid,GO Biological Processes,19,GO:0048846,axon extension involved in axon guidance,19_GO:0040007 growth,-4.7,24,9.5,20504,37,91,4,4.4,2.1,18846|22415|214968|243743,Plxna3|Wnt3|Sema6d|Plxna4,-2.4
Geneid,GO Biological Processes,19,GO:0061564,axon development,19_GO:0032502 developmental process,-4.6,4.7,5.7,20504,531,91,11,12,3.4,13642|15519|16001|18508|18846|22415|71653|74734|76260|214968|243743,Efnb2|Hsp90aa1|Igf1r|Pax6|Plxna3|Wnt3|Shtn1|Rhoh|Ttc8|Sema6d|Plxna4,-2.4
Geneid,GO Biological Processes,19,GO:0021604,cranial nerve structural organization,19_GO:0032502 developmental process,-4.6,52,12,20504,13,91,3,3.3,1.9,16490|18846|243743,Kcna2|Plxna3|Plxna4,-2.4
Geneid,GO Biological Processes,19,GO:0051251,positive regulation of lymphocyte activation,19_GO:0002376 immune system process,-4.6,5.2,5.9,20504,436,91,10,11,3.3,11629|12520|12775|13642|15519|16195|16842|17387|60505|74734,Aif1|Cd81|Ccr7|Efnb2|Hsp90aa1|Il6st|Lef1|Mmp14|Il21|Rhoh,-2.4
Geneid,GO Biological Processes,19,GO:0033674,positive regulation of kinase activity,19_GO:0048518 positive regulation of biological process,-4.6,5.2,5.9,20504,437,91,10,11,3.3,11839|12520|12775|12977|14173|15519|16001|20971|26563|52163,Areg|Cd81|Ccr7|Csf1|Fgf2|Hsp90aa1|Igf1r|Sdc4|Ror1|Camk1,-2.3
Geneid,Reactome Gene Sets,6,R-MMU-1592389,Activation of Matrix Metalloproteinases,,-4.6,23,9.2,20504,39,91,4,4.4,2.1,16619|17385|17387|17388,Klk1b27|Mmp11|Mmp14|Mmp15,-2.3
Geneid,Reactome Gene Sets,6,R-MMU-399954,Sema3A PAK dependent Axon repulsion,,-4.5,48,12,20504,14,91,3,3.3,1.9,15519|18846|243743,Hsp90aa1|Plxna3|Plxna4,-2.3
Geneid,GO Biological Processes,19,GO:0010975,regulation of neuron projection development,19_GO:0032502 developmental process,-4.5,4.5,5.6,20504,550,91,11,12,3.4,13642|16001|18508|18846|22415|26563|52163|71653|74498|214968|243743,Efnb2|Igf1r|Pax6|Plxna3|Wnt3|Ror1|Camk1|Shtn1|Gorasp1|Sema6d|Plxna4,-2.2
Geneid,KEGG Pathway,24,ko04550,Signaling pathways regulating pluripotency of stem cells,,-4.5,9.9,7,20504,137,91,6,6.6,2.6,14173|16001|16195|18508|18710|22415,Fgf2|Igf1r|Il6st|Pax6|Pik3r3|Wnt3,-2.2
Geneid,GO Biological Processes,19,GO:0050865,regulation of cell activation,19_GO:0050789 regulation of biological process,-4.5,3.8,5.3,20504,770,91,13,14,3.7,11629|12520|12775|13642|15519|16195|16842|17387|20971|21414|60505|74734|234396,Aif1|Cd81|Ccr7|Efnb2|Hsp90aa1|Il6st|Lef1|Mmp14|Sdc4|Tcf7|Il21|Rhoh|Ankle1,-2.2
Geneid,GO Biological Processes,19,GO:0060560,developmental growth involved in morphogenesis,19_GO:0040007 growth,-4.5,6.4,6.1,20504,280,91,8,8.8,3,11839|12977|15519|18846|22415|71653|214968|243743,Areg|Csf1|Hsp90aa1|Plxna3|Wnt3|Shtn1|Sema6d|Plxna4,-2.2
Geneid,GO Biological Processes,19,GO:0022407,regulation of cell-cell adhesion,19_GO:0022610 biological adhesion,-4.5,4.9,5.7,20504,457,91,10,11,3.3,11629|12520|12775|13642|15519|16195|16842|20971|60505|74734,Aif1|Cd81|Ccr7|Efnb2|Hsp90aa1|Il6st|Lef1|Sdc4|Il21|Rhoh,-2.2
Geneid,KEGG Pathway,24,mmu04550,Signaling pathways regulating pluripotency of stem cells,,-4.4,9.7,6.9,20504,140,91,6,6.6,2.6,14173|16001|16195|18508|18710|22415,Fgf2|Igf1r|Il6st|Pax6|Pik3r3|Wnt3,-2.2
Geneid,GO Biological Processes,19,GO:0048675,axon extension,19_GO:0040007 growth,-4.4,9.5,6.8,20504,143,91,6,6.6,2.6,15519|18846|22415|71653|214968|243743,Hsp90aa1|Plxna3|Wnt3|Shtn1|Sema6d|Plxna4,-2.2
Geneid,KEGG Pathway,24,ko05215,Prostate cancer,,-4.4,13,7.5,20504,87,91,5,5.5,2.4,15519|16001|16842|18710|21414,Hsp90aa1|Igf1r|Lef1|Pik3r3|Tcf7,-2.2
Geneid,KEGG Pathway,24,ko05224,Breast cancer,,-4.4,9.4,6.7,20504,144,91,6,6.6,2.6,14173|16001|16842|18710|21414|22415,Fgf2|Igf1r|Lef1|Pik3r3|Tcf7|Wnt3,-2.1
Geneid,GO Biological Processes,19,GO:0032946,positive regulation of mononuclear cell proliferation,19_GO:0048518 positive regulation of biological process,-4.3,9.3,6.7,20504,145,91,6,6.6,2.6,11629|12520|12775|12977|16195|60505,Aif1|Cd81|Ccr7|Csf1|Il6st|Il21,-2.1
Geneid,GO Biological Processes,19,GO:1905521,regulation of macrophage migration,19_GO:0040011 locomotion,-4.3,20,8.5,20504,45,91,4,4.4,2.1,12520|12775|12977|17387,Cd81|Ccr7|Csf1|Mmp14,-2.1
Geneid,KEGG Pathway,24,mmu05224,Breast cancer,,-4.3,9.3,6.7,20504,146,91,6,6.6,2.6,14173|16001|16842|18710|21414|22415,Fgf2|Igf1r|Lef1|Pik3r3|Tcf7|Wnt3,-2.1
Geneid,Reactome Gene Sets,6,R-MMU-163125,Post-translational modification: synthesis of GPI-anchored proteins,,-4.3,12,7.3,20504,91,91,5,5.5,2.4,11647|64931|70574|109979|246190,Alpl|Izumo1r|Cpm|Art3|Otoa,-2.1
Geneid,GO Biological Processes,19,GO:0002009,morphogenesis of an epithelium,19_GO:0032502 developmental process,-4.3,4.3,5.3,20504,583,91,11,12,3.4,11839|12977|13642|14173|16001|16842|17387|20971|76260|94190|106042,Areg|Csf1|Efnb2|Fgf2|Igf1r|Lef1|Mmp14|Sdc4|Ttc8|Ophn1|Prickle1,-2.1
Geneid,Reactome Gene Sets,6,R-MMU-373755,Semaphorin interactions,,-4.3,19,8.3,20504,47,91,4,4.4,2.1,15519|18846|214968|243743,Hsp90aa1|Plxna3|Sema6d|Plxna4,-2.1
Geneid,GO Biological Processes,19,GO:0002685,regulation of leukocyte migration,19_GO:0040011 locomotion,-4.2,7.1,6.1,20504,223,91,7,7.7,2.8,11629|12520|12775|12977|17387|20343|74734,Aif1|Cd81|Ccr7|Csf1|Mmp14|Sell|Rhoh,-2
Geneid,GO Biological Processes,19,GO:0043549,regulation of kinase activity,19_GO:0008152 metabolic process,-4.2,3.8,5.1,20504,705,91,12,13,3.5,11839|12520|12775|12977|14173|15519|16001|18710|20971|26563|52163|216505,Areg|Cd81|Ccr7|Csf1|Fgf2|Hsp90aa1|Igf1r|Pik3r3|Sdc4|Ror1|Camk1|Pik3ip1,-2
Geneid,GO Biological Processes,19,GO:0097529,myeloid leukocyte migration,19_GO:0040011 locomotion,-4.2,7,6,20504,226,91,7,7.7,2.8,11629|12520|12775|12977|17387|20343|74734,Aif1|Cd81|Ccr7|Csf1|Mmp14|Sell|Rhoh,-2
Geneid,GO Biological Processes,19,GO:0048812,neuron projection morphogenesis,19_GO:0032502 developmental process,-4.2,3.8,5.1,20504,710,91,12,13,3.5,13642|15519|16001|18508|18846|22415|71653|74498|74734|76260|214968|243743,Efnb2|Hsp90aa1|Igf1r|Pax6|Plxna3|Wnt3|Shtn1|Gorasp1|Rhoh|Ttc8|Sema6d|Plxna4,-2
Geneid,GO Biological Processes,19,GO:0070665,positive regulation of leukocyte proliferation,19_GO:0048518 positive regulation of biological process,-4.1,8.6,6.4,20504,157,91,6,6.6,2.6,11629|12520|12775|12977|16195|60505,Aif1|Cd81|Ccr7|Csf1|Il6st|Il21,-2
Geneid,GO Biological Processes,19,GO:0002696,positive regulation of leukocyte activation,19_GO:0002376 immune system process,-4.1,4.5,5.3,20504,500,91,10,11,3.3,11629|12520|12775|13642|15519|16195|16842|17387|60505|74734,Aif1|Cd81|Ccr7|Efnb2|Hsp90aa1|Il6st|Lef1|Mmp14|Il21|Rhoh,-2
Geneid,GO Biological Processes,19,GO:0043550,regulation of lipid kinase activity,19_GO:0008152 metabolic process,-4.1,17,7.9,20504,52,91,4,4.4,2.1,12520|14173|18710|216505,Cd81|Fgf2|Pik3r3|Pik3ip1,-1.9
Geneid,GO Biological Processes,19,GO:0120039,plasma membrane bounded cell projection morphogenesis,19_GO:0032502 developmental process,-4.1,3.7,5,20504,725,91,12,13,3.5,13642|15519|16001|18508|18846|22415|71653|74498|74734|76260|214968|243743,Efnb2|Hsp90aa1|Igf1r|Pax6|Plxna3|Wnt3|Shtn1|Gorasp1|Rhoh|Ttc8|Sema6d|Plxna4,-1.9
Geneid,GO Biological Processes,19,GO:0048858,cell projection morphogenesis,19_GO:0032502 developmental process,-4,3.7,5,20504,730,91,12,13,3.5,13642|15519|16001|18508|18846|22415|71653|74498|74734|76260|214968|243743,Efnb2|Hsp90aa1|Igf1r|Pax6|Plxna3|Wnt3|Shtn1|Gorasp1|Rhoh|Ttc8|Sema6d|Plxna4,-1.9
Geneid,GO Biological Processes,19,GO:0045927,positive regulation of growth,19_GO:0040007 growth,-4,5.6,5.6,20504,321,91,8,8.8,3,12520|12977|14173|16001|17387|22393|22415|71653,Cd81|Csf1|Fgf2|Igf1r|Mmp14|Wfs1|Wnt3|Shtn1,-1.9
Geneid,GO Biological Processes,19,GO:0030879,mammary gland development,19_GO:0032502 developmental process,-4,8.2,6.2,20504,165,91,6,6.6,2.6,11839|12977|14173|16001|16842|21809,Areg|Csf1|Fgf2|Igf1r|Lef1|Tgfb3,-1.9
Geneid,GO Biological Processes,19,GO:0050867,positive regulation of cell activation,19_GO:0048518 positive regulation of biological process,-4,4.4,5.2,20504,515,91,10,11,3.3,11629|12520|12775|13642|15519|16195|16842|17387|60505|74734,Aif1|Cd81|Ccr7|Efnb2|Hsp90aa1|Il6st|Lef1|Mmp14|Il21|Rhoh,-1.9
Geneid,GO Biological Processes,19,GO:0060322,head development,19_GO:0032502 developmental process,-4,3.7,4.9,20504,734,91,12,13,3.5,14173|16001|16842|17387|18508|18846|21809|22415|76260|94190|214968|243743,Fgf2|Igf1r|Lef1|Mmp14|Pax6|Plxna3|Tgfb3|Wnt3|Ttc8|Ophn1|Sema6d|Plxna4,-1.9
Geneid,GO Biological Processes,19,GO:0042102,positive regulation of T cell proliferation,19_GO:0022610 biological adhesion,-4,11,6.7,20504,104,91,5,5.5,2.4,11629|12520|12775|16195|60505,Aif1|Cd81|Ccr7|Il6st|Il21,-1.9
Geneid,GO Biological Processes,19,GO:0045580,regulation of T cell differentiation,19_GO:0002376 immune system process,-4,8,6.1,20504,168,91,6,6.6,2.6,12775|15519|16842|21414|74734|234396,Ccr7|Hsp90aa1|Lef1|Tcf7|Rhoh|Ankle1,-1.9
Geneid,GO Biological Processes,19,GO:0051347,positive regulation of transferase activity,19_GO:0065007 biological regulation,-4,4.3,5.1,20504,521,91,10,11,3.3,11839|12520|12775|12977|14173|15519|16001|20971|26563|52163,Areg|Cd81|Ccr7|Csf1|Fgf2|Hsp90aa1|Igf1r|Sdc4|Ror1|Camk1,-1.9
Geneid,GO Biological Processes,19,GO:0032944,regulation of mononuclear cell proliferation,19_GO:0050789 regulation of biological process,-4,6.4,5.7,20504,245,91,7,7.7,2.8,11629|12520|12775|12977|16195|20971|60505,Aif1|Cd81|Ccr7|Csf1|Il6st|Sdc4|Il21,-1.8
Geneid,GO Biological Processes,19,GO:0007265,Ras protein signal transduction,19_GO:0023052 signaling,-4,5.5,5.5,20504,330,91,8,8.8,3,11629|12977|14570|21858|71653|74734|94190|270160,Aif1|Csf1|Arhgdig|Timp2|Shtn1|Rhoh|Ophn1|Rab39,-1.8
Geneid,GO Biological Processes,19,GO:0002521,leukocyte differentiation,19_GO:0002376 immune system process,-3.9,3.9,5,20504,633,91,11,12,3.4,12520|12775|12977|15519|16842|17387|21414|60505|74734|234396|234515,Cd81|Ccr7|Csf1|Hsp90aa1|Lef1|Mmp14|Tcf7|Il21|Rhoh|Ankle1|Inpp4b,-1.8
Geneid,GO Biological Processes,19,GO:0007264,small GTPase mediated signal transduction,19_GO:0023052 signaling,-3.9,4.8,5.2,20504,425,91,9,9.9,3.1,11629|12977|14570|21858|71653|74734|94190|236915|270160,Aif1|Csf1|Arhgdig|Timp2|Shtn1|Rhoh|Ophn1|Arhgef9|Rab39,-1.8
Geneid,GO Biological Processes,19,GO:0032103,positive regulation of response to external stimulus,19_GO:0048518 positive regulation of biological process,-3.9,4.7,5.2,20504,427,91,9,9.9,3.1,11629|12520|12775|12977|14173|15519|16001|20343|60505,Aif1|Cd81|Ccr7|Csf1|Fgf2|Hsp90aa1|Igf1r|Sell|Il21,-1.8
Geneid,GO Biological Processes,19,GO:0032990,cell part morphogenesis,19_GO:0032502 developmental process,-3.9,3.6,4.8,20504,753,91,12,13,3.5,13642|15519|16001|18508|18846|22415|71653|74498|74734|76260|214968|243743,Efnb2|Hsp90aa1|Igf1r|Pax6|Plxna3|Wnt3|Shtn1|Gorasp1|Rhoh|Ttc8|Sema6d|Plxna4,-1.8
Geneid,GO Biological Processes,19,GO:0032943,mononuclear cell proliferation,19_GO:0009987 cellular process,-3.9,5.4,5.4,20504,335,91,8,8.8,3,11629|12520|12775|12977|16195|16842|20971|60505,Aif1|Cd81|Ccr7|Csf1|Il6st|Lef1|Sdc4|Il21,-1.8
Geneid,GO Biological Processes,19,GO:0048532,anatomical structure arrangement,19_GO:0032502 developmental process,-3.9,31,9.3,20504,22,91,3,3.3,1.9,16490|18846|243743,Kcna2|Plxna3|Plxna4,-1.8
Geneid,GO Biological Processes,19,GO:0050922,negative regulation of chemotaxis,19_GO:0040011 locomotion,-3.9,15,7.3,20504,59,91,4,4.4,2.1,11629|18846|22415|214968,Aif1|Plxna3|Wnt3|Sema6d,-1.8
Geneid,GO Biological Processes,19,GO:0001934,positive regulation of protein phosphorylation,19_GO:0048518 positive regulation of biological process,-3.9,3.5,4.8,20504,763,91,12,13,3.5,11629|11839|12520|12775|12977|14173|15519|16195|20971|21809|52163|60505,Aif1|Areg|Cd81|Ccr7|Csf1|Fgf2|Hsp90aa1|Il6st|Sdc4|Tgfb3|Camk1|Il21,-1.8
Geneid,Reactome Gene Sets,6,R-MMU-1474244,Extracellular matrix organization,,-3.8,6.2,5.5,20504,256,91,7,7.7,2.8,12337|14173|16619|17385|17387|17388|20971,Capn5|Fgf2|Klk1b27|Mmp11|Mmp14|Mmp15|Sdc4,-1.8
Geneid,GO Biological Processes,19,GO:0031346,positive regulation of cell projection organization,19_GO:0048518 positive regulation of biological process,-3.8,4.6,5.1,20504,441,91,9,9.9,3.1,12775|16001|18846|21809|22415|26563|52163|71653|243743,Ccr7|Igf1r|Plxna3|Tgfb3|Wnt3|Ror1|Camk1|Shtn1|Plxna4,-1.7
Geneid,GO Biological Processes,19,GO:0030516,regulation of axon extension,19_GO:0040007 growth,-3.8,9.9,6.3,20504,114,91,5,5.5,2.4,18846|22415|71653|214968|243743,Plxna3|Wnt3|Shtn1|Sema6d|Plxna4,-1.7
Geneid,GO Biological Processes,19,GO:0070663,regulation of leukocyte proliferation,19_GO:0050789 regulation of biological process,-3.8,6,5.5,20504,261,91,7,7.7,2.8,11629|12520|12775|12977|16195|20971|60505,Aif1|Cd81|Ccr7|Csf1|Il6st|Sdc4|Il21,-1.7
Geneid,GO Biological Processes,19,GO:0051960,regulation of nervous system development,19_GO:0032502 developmental process,-3.8,4.1,4.9,20504,550,91,10,11,3.3,16195|18508|18846|22415|71653|74498|107065|114606|214968|243743,Il6st|Pax6|Plxna3|Wnt3|Shtn1|Gorasp1|Lrrtm2|Tle6|Sema6d|Plxna4,-1.7
Geneid,Reactome Gene Sets,6,R-MMU-8939211,ESR-mediated signaling,,-3.8,7.4,5.8,20504,183,91,6,6.6,2.6,11839|15519|16001|18710|66066|268903,Areg|Hsp90aa1|Igf1r|Pik3r3|Gng11|Nrip1,-1.7
Geneid,GO Biological Processes,19,GO:0046631,alpha-beta T cell activation,19_GO:0002376 immune system process,-3.8,7.4,5.8,20504,183,91,6,6.6,2.6,12520|12775|16842|21414|60505|234396,Cd81|Ccr7|Lef1|Tcf7|Il21|Ankle1,-1.7
Geneid,GO Biological Processes,19,GO:0042129,regulation of T cell proliferation,19_GO:0002376 immune system process,-3.8,7.4,5.8,20504,183,91,6,6.6,2.6,11629|12520|12775|16195|20971|60505,Aif1|Cd81|Ccr7|Il6st|Sdc4|Il21,-1.7
Geneid,KEGG Pathway,24,ko05210,Colorectal cancer,,-3.8,15,7.1,20504,62,91,4,4.4,2.1,16842|18710|21414|21809,Lef1|Pik3r3|Tcf7|Tgfb3,-1.7
Geneid,GO Biological Processes,19,GO:1905517,macrophage migration,19_GO:0040011 locomotion,-3.8,15,7.1,20504,62,91,4,4.4,2.1,12520|12775|12977|17387,Cd81|Ccr7|Csf1|Mmp14,-1.7
Geneid,GO Biological Processes,19,GO:0050767,regulation of neurogenesis,19_GO:0032502 developmental process,-3.8,4.5,5,20504,451,91,9,9.9,3.1,16195|18508|18846|22415|71653|74498|114606|214968|243743,Il6st|Pax6|Plxna3|Wnt3|Shtn1|Gorasp1|Tle6|Sema6d|Plxna4,-1.7
Geneid,GO Biological Processes,19,GO:0016055,Wnt signaling pathway,19_GO:0023052 signaling,-3.7,4.5,5,20504,453,91,9,9.9,3.1,14173|15248|16842|21414|22415|26563|83675|106042|114606,Fgf2|Hic1|Lef1|Tcf7|Wnt3|Ror1|Bicc1|Prickle1|Tle6,-1.7
Geneid,Reactome Gene Sets,6,R-MMU-1474228,Degradation of the extracellular matrix,,-3.7,9.5,6.2,20504,119,91,5,5.5,2.4,12337|16619|17385|17387|17388,Capn5|Klk1b27|Mmp11|Mmp14|Mmp15,-1.7
Geneid,GO Biological Processes,19,GO:0007015,actin filament organization,19_GO:0009987 cellular process,-3.7,4.5,5,20504,455,91,9,9.9,3.1,11629|20741|20971|21809|71653|74734|76260|114606|194401,Aif1|Sptb|Sdc4|Tgfb3|Shtn1|Rhoh|Ttc8|Tle6|Mical3,-1.7
Geneid,GO Biological Processes,19,GO:0198738,cell-cell signaling by wnt,19_GO:0023052 signaling,-3.7,4.5,5,20504,455,91,9,9.9,3.1,14173|15248|16842|21414|22415|26563|83675|106042|114606,Fgf2|Hic1|Lef1|Tcf7|Wnt3|Ror1|Bicc1|Prickle1|Tle6,-1.7
Geneid,GO Biological Processes,19,GO:0051962,positive regulation of nervous system development,19_GO:0048518 positive regulation of biological process,-3.7,5,5.1,20504,359,91,8,8.8,3,16195|18508|18846|22415|71653|107065|114606|243743,Il6st|Pax6|Plxna3|Wnt3|Shtn1|Lrrtm2|Tle6|Plxna4,-1.7
Geneid,GO Biological Processes,19,GO:0070661,leukocyte proliferation,19_GO:0009987 cellular process,-3.7,5,5.1,20504,359,91,8,8.8,3,11629|12520|12775|12977|16195|16842|20971|60505,Aif1|Cd81|Ccr7|Csf1|Il6st|Lef1|Sdc4|Il21,-1.7
Geneid,GO Biological Processes,19,GO:0030031,cell projection assembly,19_GO:0009987 cellular process,-3.7,4,4.8,20504,563,91,10,11,3.3,11629|12775|18805|21809|71653|74734|76260|77057|192786|218232,Aif1|Ccr7|Pld1|Tgfb3|Shtn1|Rhoh|Ttc8|Ston1|Rapgef6|Ptpdc1,-1.7
Geneid,KEGG Pathway,24,mmu05210,Colorectal cancer,,-3.7,14,6.9,20504,66,91,4,4.4,2.1,16842|18710|21414|21809,Lef1|Pik3r3|Tcf7|Tgfb3,-1.7
Geneid,GO Biological Processes,19,GO:0048843,negative regulation of axon extension involved in axon guidance,19_GO:0040007 growth,-3.6,25,8.3,20504,27,91,3,3.3,1.9,18846|22415|214968,Plxna3|Wnt3|Sema6d,-1.6
Geneid,GO Biological Processes,19,GO:0061387,regulation of extent of cell growth,19_GO:0040007 growth,-3.6,8.8,5.9,20504,128,91,5,5.5,2.4,18846|22415|71653|214968|243743,Plxna3|Wnt3|Shtn1|Sema6d|Plxna4,-1.6
Geneid,GO Biological Processes,19,GO:1990138,neuron projection extension,19_GO:0040007 growth,-3.5,6.6,5.4,20504,204,91,6,6.6,2.6,15519|18846|22415|71653|214968|243743,Hsp90aa1|Plxna3|Wnt3|Shtn1|Sema6d|Plxna4,-1.5
Geneid,GO Biological Processes,19,GO:0046632,alpha-beta T cell differentiation,19_GO:0002376 immune system process,-3.5,8.5,5.8,20504,132,91,5,5.5,2.4,12775|16842|21414|60505|234396,Ccr7|Lef1|Tcf7|Il21|Ankle1,-1.5
Geneid,GO Biological Processes,19,GO:0021602,cranial nerve morphogenesis,19_GO:0032502 developmental process,-3.5,23,7.9,20504,30,91,3,3.3,1.9,16490|18846|243743,Kcna2|Plxna3|Plxna4,-1.5
Geneid,GO Biological Processes,19,GO:1903131,mononuclear cell differentiation,19_GO:0002376 immune system process,-3.5,4.1,4.7,20504,492,91,9,9.9,3.1,12775|12977|15519|16842|17387|21414|60505|74734|234396,Ccr7|Csf1|Hsp90aa1|Lef1|Mmp14|Tcf7|Il21|Rhoh|Ankle1,-1.5
Geneid,GO Biological Processes,19,GO:1905523,positive regulation of macrophage migration,19_GO:0040011 locomotion,-3.5,22,7.7,20504,31,91,3,3.3,1.9,12775|12977|17387,Ccr7|Csf1|Mmp14,-1.5
Geneid,GO Biological Processes,19,GO:0050769,positive regulation of neurogenesis,19_GO:0048518 positive regulation of biological process,-3.4,5.3,5,20504,298,91,7,7.7,2.8,16195|18508|18846|22415|71653|114606|243743,Il6st|Pax6|Plxna3|Wnt3|Shtn1|Tle6|Plxna4,-1.4
Geneid,GO Biological Processes,19,GO:0030036,actin cytoskeleton organization,19_GO:0009987 cellular process,-3.4,3.4,4.4,20504,728,91,11,12,3.4,11629|12775|20741|20971|21809|71653|74734|76260|94190|114606|194401,Aif1|Ccr7|Sptb|Sdc4|Tgfb3|Shtn1|Rhoh|Ttc8|Ophn1|Tle6|Mical3,-1.4
Geneid,GO Biological Processes,19,GO:0031295,T cell costimulation,19_GO:0022610 biological adhesion,-3.4,21,7.6,20504,32,91,3,3.3,1.9,12520|12775|13642,Cd81|Ccr7|Efnb2,-1.4
Geneid,GO Biological Processes,19,GO:0060562,epithelial tube morphogenesis,19_GO:0032502 developmental process,-3.4,4.5,4.8,20504,397,91,8,8.8,3,11839|12977|13642|14173|16842|17387|20971|106042,Areg|Csf1|Efnb2|Fgf2|Lef1|Mmp14|Sdc4|Prickle1,-1.4
Geneid,GO Biological Processes,19,GO:0030217,T cell differentiation,19_GO:0002376 immune system process,-3.4,5.2,4.9,20504,302,91,7,7.7,2.8,12775|15519|16842|21414|60505|74734|234396,Ccr7|Hsp90aa1|Lef1|Tcf7|Il21|Rhoh|Ankle1,-1.4
Geneid,GO Biological Processes,19,GO:0040008,regulation of growth,19_GO:0040007 growth,-3.4,3.4,4.4,20504,733,91,11,12,3.4,12520|12977|14173|16001|17387|18846|22393|22415|71653|214968|243743,Cd81|Csf1|Fgf2|Igf1r|Mmp14|Plxna3|Wfs1|Wnt3|Shtn1|Sema6d|Plxna4,-1.4
Geneid,GO Biological Processes,19,GO:0060070,canonical Wnt signaling pathway,19_GO:0023052 signaling,-3.4,5.2,4.9,20504,304,91,7,7.7,2.8,14173|16842|21414|22415|83675|106042|114606,Fgf2|Lef1|Tcf7|Wnt3|Bicc1|Prickle1|Tle6,-1.4
Geneid,GO Biological Processes,19,GO:0051301,cell division,19_GO:0009987 cellular process,-3.4,3.6,4.4,20504,621,91,10,11,3.3,12615|14173|16001|16842|18508|21809|70099|76044|114606|194401,Cenpa|Fgf2|Igf1r|Lef1|Pax6|Tgfb3|Smc4|Ncapg2|Tle6|Mical3,-1.4
Geneid,GO Biological Processes,19,GO:0050671,positive regulation of lymphocyte proliferation,19_GO:0002376 immune system process,-3.4,7.9,5.5,20504,143,91,5,5.5,2.4,11629|12520|12775|16195|60505,Aif1|Cd81|Ccr7|Il6st|Il21,-1.4
Geneid,GO Biological Processes,19,GO:0048638,regulation of developmental growth,19_GO:0040007 growth,-3.3,4.4,4.7,20504,406,91,8,8.8,3,12977|14173|16001|18846|22415|71653|214968|243743,Csf1|Fgf2|Igf1r|Plxna3|Wnt3|Shtn1|Sema6d|Plxna4,-1.4
Geneid,GO Biological Processes,19,GO:0031294,lymphocyte costimulation,19_GO:0002376 immune system process,-3.3,20,7.4,20504,34,91,3,3.3,1.9,12520|12775|13642,Cd81|Ccr7|Efnb2,-1.4
Geneid,GO Biological Processes,19,GO:0042098,T cell proliferation,19_GO:0002376 immune system process,-3.3,6.1,5.1,20504,222,91,6,6.6,2.6,11629|12520|12775|16195|20971|60505,Aif1|Cd81|Ccr7|Il6st|Sdc4|Il21,-1.4
Geneid,WikiPathways,27,WP1560,MicroRNAs in cardiomyocyte hypertrophy,,-3.3,11,6.1,20504,82,91,4,4.4,2.1,14173|16001|16195|18710,Fgf2|Igf1r|Il6st|Pik3r3,-1.3
Geneid,Reactome Gene Sets,6,R-MMU-451927,Interleukin-2 family signaling,,-3.3,19,7.2,20504,35,91,3,3.3,1.9,12984|18710|60505,Csf2rb2|Pik3r3|Il21,-1.3
Geneid,Reactome Gene Sets,6,R-MMU-195721,Signaling by WNT,,-3.3,6,5,20504,227,91,6,6.6,2.6,16842|21414|22415|26563|66066|106042,Lef1|Tcf7|Wnt3|Ror1|Gng11|Prickle1,-1.3
Geneid,GO Biological Processes,19,GO:0001503,ossification,19_GO:0032501 multicellular organismal process,-3.3,4.3,4.6,20504,418,91,8,8.8,3,11647|11839|12977|14173|16195|17387|22415|83453,Alpl|Areg|Csf1|Fgf2|Il6st|Mmp14|Wnt3|Chrdl1,-1.3
Geneid,GO Biological Processes,19,GO:0045577,regulation of B cell differentiation,19_GO:0002376 immune system process,-3.3,19,7.1,20504,36,91,3,3.3,1.9,17387|60505|234396,Mmp14|Il21|Ankle1,-1.3
Geneid,GO Biological Processes,19,GO:0030111,regulation of Wnt signaling pathway,19_GO:0023052 signaling,-3.3,4.9,4.7,20504,320,91,7,7.7,2.8,14173|15248|16842|22415|83675|106042|114606,Fgf2|Hic1|Lef1|Wnt3|Bicc1|Prickle1|Tle6,-1.3
Geneid,GO Biological Processes,19,GO:0050921,positive regulation of chemotaxis,19_GO:0040011 locomotion,-3.2,7.5,5.3,20504,151,91,5,5.5,2.4,11629|12775|12977|14173|20343,Aif1|Ccr7|Csf1|Fgf2|Sell,-1.3
Geneid,KEGG Pathway,24,mmu04014,Ras signaling pathway,,-3.2,5.8,4.9,20504,232,91,6,6.6,2.6,12977|14173|16001|18710|18805|66066,Csf1|Fgf2|Igf1r|Pik3r3|Pld1|Gng11,-1.3
Geneid,Reactome Gene Sets,6,R-MMU-9006931,Signaling by Nuclear Receptors,,-3.2,5.8,4.9,20504,232,91,6,6.6,2.6,11839|15519|16001|18710|66066|268903,Areg|Hsp90aa1|Igf1r|Pik3r3|Gng11|Nrip1,-1.3
Geneid,GO Biological Processes,19,GO:0008045,motor neuron axon guidance,19_GO:0040011 locomotion,-3.2,18,7,20504,37,91,3,3.3,1.9,18846|74734|243743,Plxna3|Rhoh|Plxna4,-1.3
Geneid,GO Biological Processes,19,GO:0002687,positive regulation of leukocyte migration,19_GO:0040011 locomotion,-3.2,7.4,5.3,20504,153,91,5,5.5,2.4,11629|12775|12977|17387|20343,Aif1|Ccr7|Csf1|Mmp14|Sell,-1.3
Geneid,KEGG Pathway,24,ko04390,Hippo signaling pathway,,-3.2,7.3,5.3,20504,154,91,5,5.5,2.4,11839|16842|21414|21809|22415,Areg|Lef1|Tcf7|Tgfb3|Wnt3,-1.3
Geneid,Reactome Gene Sets,6,R-MMU-1799339,SRP-dependent cotranslational protein targeting to membrane,,-3.2,10,5.8,20504,88,91,4,4.4,2.1,19943|20068|67427|114641,Rpl28|Rps17|Rps20|Rpl31,-1.3
Geneid,GO Biological Processes,19,GO:0030100,regulation of endocytosis,19_GO:0051179 localization,-3.2,5.7,4.8,20504,238,91,6,6.6,2.6,12775|13642|77057|94190|107065|108800,Ccr7|Efnb2|Ston1|Ophn1|Lrrtm2|Ston2,-1.2
Geneid,KEGG Pathway,24,mmu04390,Hippo signaling pathway,,-3.2,7.2,5.2,20504,157,91,5,5.5,2.4,11839|16842|21414|21809|22415,Areg|Lef1|Tcf7|Tgfb3|Wnt3,-1.2
Geneid,GO Biological Processes,19,GO:0046651,lymphocyte proliferation,19_GO:0002376 immune system process,-3.2,4.8,4.6,20504,331,91,7,7.7,2.8,11629|12520|12775|16195|16842|20971|60505,Aif1|Cd81|Ccr7|Il6st|Lef1|Sdc4|Il21,-1.2
Geneid,Reactome Gene Sets,6,R-MMU-975956,Nonsense Mediated Decay (NMD) independent of the Exon Junction Complex (EJC),,-3.2,10,5.7,20504,90,91,4,4.4,2.1,19943|20068|67427|114641,Rpl28|Rps17|Rps20|Rpl31,-1.2
Geneid,GO Biological Processes,19,GO:0050670,regulation of lymphocyte proliferation,19_GO:0002376 immune system process,-3.1,5.6,4.8,20504,241,91,6,6.6,2.6,11629|12520|12775|16195|20971|60505,Aif1|Cd81|Ccr7|Il6st|Sdc4|Il21,-1.2
Geneid,GO Biological Processes,19,GO:0120031,plasma membrane bounded cell projection assembly,19_GO:0009987 cellular process,-3.1,3.7,4.3,20504,548,91,9,9.9,3.1,11629|12775|18805|21809|71653|76260|77057|192786|218232,Aif1|Ccr7|Pld1|Tgfb3|Shtn1|Ttc8|Ston1|Rapgef6|Ptpdc1,-1.2
Geneid,GO Biological Processes,19,GO:0043551,regulation of phosphatidylinositol 3-kinase activity,19_GO:0008152 metabolic process,-3.1,17,6.7,20504,40,91,3,3.3,1.9,14173|18710|216505,Fgf2|Pik3r3|Pik3ip1,-1.2
Geneid,GO Biological Processes,19,GO:1905114,cell surface receptor signaling pathway involved in cell-cell signaling,19_GO:0023052 signaling,-3.1,3.7,4.2,20504,554,91,9,9.9,3.1,14173|15248|16842|21414|22415|26563|83675|106042|114606,Fgf2|Hic1|Lef1|Tcf7|Wnt3|Ror1|Bicc1|Prickle1|Tle6,-1.2
Geneid,GO Biological Processes,19,GO:0099084,postsynaptic specialization organization,19_GO:0009987 cellular process,-3.1,16,6.6,20504,41,91,3,3.3,1.9,94190|107065|236915,Ophn1|Lrrtm2|Arhgef9,-1.2
Geneid,GO Biological Processes,19,GO:0030098,lymphocyte differentiation,19_GO:0002376 immune system process,-3.1,4.1,4.4,20504,444,91,8,8.8,3,12775|15519|16842|17387|21414|60505|74734|234396,Ccr7|Hsp90aa1|Lef1|Mmp14|Tcf7|Il21|Rhoh|Ankle1,-1.2
Geneid,GO Biological Processes,19,GO:0007420,brain development,19_GO:0032502 developmental process,-3.1,3.3,4.1,20504,676,91,10,11,3.3,14173|16001|16842|18508|18846|22415|76260|94190|214968|243743,Fgf2|Igf1r|Lef1|Pax6|Plxna3|Wnt3|Ttc8|Ophn1|Sema6d|Plxna4,-1.2
Geneid,WikiPathways,27,WP163,Cytoplasmic ribosomal proteins,,-3.1,9.5,5.5,20504,95,91,4,4.4,2.1,19943|20068|67427|114641,Rpl28|Rps17|Rps20|Rpl31,-1.2
Geneid,Reactome Gene Sets,6,R-MMU-72689,Formation of a pool of free 40S subunits,,-3,9.3,5.5,20504,97,91,4,4.4,2.1,19943|20068|67427|114641,Rpl28|Rps17|Rps20|Rpl31,-1.1
Geneid,GO Biological Processes,19,GO:0002690,positive regulation of leukocyte chemotaxis,19_GO:0040011 locomotion,-3,9.2,5.4,20504,98,91,4,4.4,2.1,11629|12775|12977|20343,Aif1|Ccr7|Csf1|Sell,-1.1
Geneid,GO Biological Processes,19,GO:0050919,negative chemotaxis,19_GO:0040011 locomotion,-3,15,6.4,20504,44,91,3,3.3,1.9,18846|214968|243743,Plxna3|Sema6d|Plxna4,-1.1
Geneid,Reactome Gene Sets,6,R-MMU-422475,Axon guidance,,-3,5.3,4.6,20504,256,91,6,6.6,2.6,13642|15519|18710|18846|214968|243743,Efnb2|Hsp90aa1|Pik3r3|Plxna3|Sema6d|Plxna4,-1.1
Geneid,Reactome Gene Sets,6,R-MMU-9675108,Nervous system development,,-3,5.3,4.6,20504,257,91,6,6.6,2.6,13642|15519|18710|18846|214968|243743,Efnb2|Hsp90aa1|Pik3r3|Plxna3|Sema6d|Plxna4,-1.1
Geneid,GO Biological Processes,19,GO:0048017,inositol lipid-mediated signaling,19_GO:0023052 signaling,-3,6.5,4.9,20504,173,91,5,5.5,2.4,14173|16001|18805|26563|216505,Fgf2|Igf1r|Pld1|Ror1|Pik3ip1,-1.1
Geneid,Reactome Gene Sets,6,R-MMU-1442490,Collagen degradation,,-3,15,6.3,20504,45,91,3,3.3,1.9,17385|17387|17388,Mmp11|Mmp14|Mmp15,-1.1
Geneid,GO Biological Processes,19,GO:0050772,positive regulation of axonogenesis,19_GO:0048518 positive regulation of biological process,-3,8.9,5.3,20504,101,91,4,4.4,2.1,18846|22415|71653|243743,Plxna3|Wnt3|Shtn1|Plxna4,-1.1
Geneid,KEGG Pathway,24,ko04060,Cytokine-cytokine receptor interaction,,-3,5.2,4.5,20504,261,91,6,6.6,2.6,12775|12977|12984|16195|21809|60505,Ccr7|Csf1|Csf2rb2|Il6st|Tgfb3|Il21,-1.1
Geneid,KEGG Pathway,24,ko04360,Axon guidance,,-3,6.4,4.8,20504,175,91,5,5.5,2.4,13642|18710|18846|214968|243743,Efnb2|Pik3r3|Plxna3|Sema6d|Plxna4,-1.1
Geneid,GO Biological Processes,19,GO:0045860,positive regulation of protein kinase activity,19_GO:0048518 positive regulation of biological process,-3,4.4,4.3,20504,360,91,7,7.7,2.8,11839|12775|12977|14173|15519|20971|52163,Areg|Ccr7|Csf1|Fgf2|Hsp90aa1|Sdc4|Camk1,-1.1
Geneid,GO Biological Processes,19,GO:0060323,head morphogenesis,19_GO:0032502 developmental process,-3,15,6.2,20504,46,91,3,3.3,1.9,16842|21809|22415,Lef1|Tgfb3|Wnt3,-1.1
Geneid,GO Biological Processes,19,GO:0014066,regulation of phosphatidylinositol 3-kinase signaling,19_GO:0023052 signaling,-2.9,8.8,5.3,20504,103,91,4,4.4,2.1,14173|16001|26563|216505,Fgf2|Igf1r|Ror1|Pik3ip1,-1.1
Geneid,KEGG Pathway,24,mmu04360,Axon guidance,,-2.9,6.3,4.8,20504,178,91,5,5.5,2.4,13642|18710|18846|214968|243743,Efnb2|Pik3r3|Plxna3|Sema6d|Plxna4,-1
Geneid,GO Biological Processes,19,GO:0061572,actin filament bundle organization,19_GO:0009987 cellular process,-2.9,6.3,4.8,20504,178,91,5,5.5,2.4,11629|20971|21809|71653|76260,Aif1|Sdc4|Tgfb3|Shtn1|Ttc8,-1
Geneid,GO Biological Processes,19,GO:0045582,positive regulation of T cell differentiation,19_GO:0022610 biological adhesion,-2.9,8.7,5.2,20504,104,91,4,4.4,2.1,12775|15519|16842|74734,Ccr7|Hsp90aa1|Lef1|Rhoh,-1
Geneid,GO Biological Processes,19,GO:0030574,collagen catabolic process,19_GO:0008152 metabolic process,-2.9,14,6.1,20504,47,91,3,3.3,1.9,17385|17387|17388,Mmp11|Mmp14|Mmp15,-1
Geneid,KEGG Pathway,24,mmu04060,Cytokine-cytokine receptor interaction,,-2.9,5.1,4.5,20504,266,91,6,6.6,2.6,12775|12977|12984|16195|21809|60505,Ccr7|Csf1|Csf2rb2|Il6st|Tgfb3|Il21,-1
Geneid,GO Biological Processes,19,GO:0030902,hindbrain development,19_GO:0032502 developmental process,-2.9,6.3,4.7,20504,179,91,5,5.5,2.4,14173|16001|16842|18508|94190,Fgf2|Igf1r|Lef1|Pax6|Ophn1,-1
Geneid,GO Biological Processes,19,GO:0002065,columnar/cuboidal epithelial cell differentiation,19_GO:0032502 developmental process,-2.9,8.5,5.2,20504,106,91,4,4.4,2.1,14173|16195|16842|18508,Fgf2|Il6st|Lef1|Pax6,-1
Geneid,Reactome Gene Sets,6,R-MMU-156827,L13a-mediated translational silencing of Ceruloplasmin expression,,-2.9,8.4,5.1,20504,107,91,4,4.4,2.1,19943|20068|67427|114641,Rpl28|Rps17|Rps20|Rpl31,-1
Geneid,GO Biological Processes,19,GO:0009725,response to hormone,19_GO:0050896 response to stimulus,-2.9,3.1,3.9,20504,721,91,10,11,3.3,11647|11839|12775|16001|17387|17970|18710|18805|21809|21858,Alpl|Areg|Ccr7|Igf1r|Mmp14|Ncf2|Pik3r3|Pld1|Tgfb3|Timp2,-1
Geneid,GO Biological Processes,19,GO:0030517,negative regulation of axon extension,19_GO:0040007 growth,-2.9,14,6,20504,49,91,3,3.3,1.9,18846|22415|214968,Plxna3|Wnt3|Sema6d,-1
Geneid,GO Biological Processes,19,GO:1902622,regulation of neutrophil migration,19_GO:0040011 locomotion,-2.9,14,6,20504,49,91,3,3.3,1.9,12775|20343|74734,Ccr7|Sell|Rhoh,-1
Geneid,GO Biological Processes,19,GO:0071526,semaphorin-plexin signaling pathway,19_GO:0023052 signaling,-2.9,14,6,20504,49,91,3,3.3,1.9,18846|214968|243743,Plxna3|Sema6d|Plxna4,-1
Geneid,GO Biological Processes,19,GO:0060284,regulation of cell development,19_GO:0032502 developmental process,-2.9,3.4,4,20504,598,91,9,9.9,3.1,16195|18508|18846|22415|71653|74498|114606|214968|243743,Il6st|Pax6|Plxna3|Wnt3|Shtn1|Gorasp1|Tle6|Sema6d|Plxna4,-1
Geneid,GO Biological Processes,19,GO:0050900,leukocyte migration,19_GO:0040011 locomotion,-2.9,4.2,4.2,20504,373,91,7,7.7,2.8,11629|12520|12775|12977|17387|20343|74734,Aif1|Cd81|Ccr7|Csf1|Mmp14|Sell|Rhoh,-1
Geneid,Reactome Gene Sets,6,R-MMU-72706,GTP hydrolysis and joining of the 60S ribosomal subunit,,-2.9,8.3,5.1,20504,108,91,4,4.4,2.1,19943|20068|67427|114641,Rpl28|Rps17|Rps20|Rpl31,-1
Geneid,GO Biological Processes,19,GO:0050770,regulation of axonogenesis,19_GO:0032502 developmental process,-2.9,6.1,4.6,20504,185,91,5,5.5,2.4,18846|22415|71653|214968|243743,Plxna3|Wnt3|Shtn1|Sema6d|Plxna4,-1
Geneid,GO Biological Processes,19,GO:0048588,developmental cell growth,19_GO:0040007 growth,-2.8,4.9,4.4,20504,275,91,6,6.6,2.6,15519|18846|22415|71653|214968|243743,Hsp90aa1|Plxna3|Wnt3|Shtn1|Sema6d|Plxna4,-1
Geneid,KEGG Pathway,24,ko05213,Endometrial cancer,,-2.8,14,5.9,20504,50,91,3,3.3,1.9,16842|18710|21414,Lef1|Pik3r3|Tcf7,-1
Geneid,GO Biological Processes,19,GO:0007169,transmembrane receptor protein tyrosine kinase signaling pathway,19_GO:0023052 signaling,-2.8,3.4,3.9,20504,603,91,9,9.9,3.1,11839|12977|13642|14173|16001|18710|26563|77057|243659,Areg|Csf1|Efnb2|Fgf2|Igf1r|Pik3r3|Ror1|Ston1|Styk1,-1
Geneid,GO Biological Processes,19,GO:0051302,regulation of cell division,19_GO:0050789 regulation of biological process,-2.8,6.1,4.6,20504,186,91,5,5.5,2.4,14173|16001|18508|21809|114606,Fgf2|Igf1r|Pax6|Tgfb3|Tle6,-0.99
Geneid,Reactome Gene Sets,6,R-MMU-927802,Nonsense-Mediated Decay (NMD),,-2.8,8.2,5.1,20504,110,91,4,4.4,2.1,19943|20068|67427|114641,Rpl28|Rps17|Rps20|Rpl31,-0.99
Geneid,Reactome Gene Sets,6,R-MMU-975957,Nonsense Mediated Decay (NMD) enhanced by the Exon Junction Complex (EJC),,-2.8,8.2,5.1,20504,110,91,4,4.4,2.1,19943|20068|67427|114641,Rpl28|Rps17|Rps20|Rpl31,-0.99
Geneid,GO Biological Processes,19,GO:0010720,positive regulation of cell development,19_GO:0048518 positive regulation of biological process,-2.8,4.2,4.2,20504,378,91,7,7.7,2.8,16195|18508|18846|22415|71653|114606|243743,Il6st|Pax6|Plxna3|Wnt3|Shtn1|Tle6|Plxna4,-0.99
Geneid,GO Biological Processes,19,GO:0051293,establishment of spindle localization,19_GO:0051179 localization,-2.8,13,5.9,20504,51,91,3,3.3,1.9,12615|18508|114606,Cenpa|Pax6|Tle6,-0.98
Geneid,GO Biological Processes,19,GO:0048754,branching morphogenesis of an epithelial tube,19_GO:0032502 developmental process,-2.8,5.9,4.5,20504,192,91,5,5.5,2.4,11839|12977|14173|16842|17387,Areg|Csf1|Fgf2|Lef1|Mmp14,-0.94
Geneid,GO Biological Processes,19,GO:0021545,cranial nerve development,19_GO:0032502 developmental process,-2.8,13,5.7,20504,53,91,3,3.3,1.9,16490|18846|243743,Kcna2|Plxna3|Plxna4,-0.94
Geneid,KEGG Pathway,24,mmu05213,Endometrial cancer,,-2.8,13,5.7,20504,53,91,3,3.3,1.9,16842|18710|21414,Lef1|Pik3r3|Tcf7,-0.94
Geneid,Reactome Gene Sets,6,R-MMU-72613,Eukaryotic Translation Initiation,,-2.8,7.8,4.9,20504,115,91,4,4.4,2.1,19943|20068|67427|114641,Rpl28|Rps17|Rps20|Rpl31,-0.93
Geneid,Reactome Gene Sets,6,R-MMU-72737,Cap-dependent Translation Initiation,,-2.8,7.8,4.9,20504,115,91,4,4.4,2.1,19943|20068|67427|114641,Rpl28|Rps17|Rps20|Rpl31,-0.93
Geneid,GO Biological Processes,19,GO:0035710,"CD4-positive, alpha-beta T cell activation",19_GO:0002376 immune system process,-2.7,7.7,4.9,20504,117,91,4,4.4,2.1,12520|12775|16842|60505,Cd81|Ccr7|Lef1|Il21,-0.9
Geneid,KEGG Pathway,24,ko05221,Acute myeloid leukemia,,-2.7,12,5.6,20504,55,91,3,3.3,1.9,16842|18710|21414,Lef1|Pik3r3|Tcf7,-0.9
Geneid,KEGG Pathway,24,ko05217,Basal cell carcinoma,,-2.7,12,5.6,20504,55,91,3,3.3,1.9,16842|21414|22415,Lef1|Tcf7|Wnt3,-0.9
Geneid,GO Biological Processes,19,GO:2000278,regulation of DNA biosynthetic process,19_GO:0008152 metabolic process,-2.7,7.6,4.8,20504,118,91,4,4.4,2.1,14173|15519|21781|208084,Fgf2|Hsp90aa1|Tfdp1|Pif1,-0.9
Geneid,GO Biological Processes,19,GO:0097435,supramolecular fiber organization,19_GO:0009987 cellular process,-2.7,3,3.7,20504,756,91,10,11,3.3,11629|17385|20741|20971|21809|71653|74734|76260|114606|194401,Aif1|Mmp11|Sptb|Sdc4|Tgfb3|Shtn1|Rhoh|Ttc8|Tle6|Mical3,-0.89
Geneid,GO Biological Processes,19,GO:0032963,collagen metabolic process,19_GO:0008152 metabolic process,-2.7,7.6,4.8,20504,119,91,4,4.4,2.1,17385|17387|17388|21809,Mmp11|Mmp14|Mmp15|Tgfb3,-0.89
Geneid,KEGG Pathway,24,mmu05221,Acute myeloid leukemia,,-2.7,12,5.5,20504,56,91,3,3.3,1.9,16842|18710|21414,Lef1|Pik3r3|Tcf7,-0.88
Geneid,GO Biological Processes,19,GO:0051653,spindle localization,19_GO:0051179 localization,-2.7,12,5.5,20504,56,91,3,3.3,1.9,12615|18508|114606,Cenpa|Pax6|Tle6,-0.88
Geneid,GO Biological Processes,19,GO:0030900,forebrain development,19_GO:0032502 developmental process,-2.7,3.9,4,20504,400,91,7,7.7,2.8,14173|16842|18508|18846|76260|94190|243743,Fgf2|Lef1|Pax6|Plxna3|Ttc8|Ophn1|Plxna4,-0.88
Geneid,Reactome Gene Sets,6,R-MMU-3858494,Beta-catenin independent WNT signaling,,-2.7,7.4,4.8,20504,121,91,4,4.4,2.1,16842|26563|66066|106042,Lef1|Ror1|Gng11|Prickle1,-0.87
Geneid,KEGG Pathway,24,mmu05217,Basal cell carcinoma,,-2.7,12,5.5,20504,57,91,3,3.3,1.9,16842|21414|22415,Lef1|Tcf7|Wnt3,-0.87
Geneid,GO Biological Processes,19,GO:0071622,regulation of granulocyte chemotaxis,19_GO:0040011 locomotion,-2.7,12,5.5,20504,57,91,3,3.3,1.9,12775|12977|20343,Ccr7|Csf1|Sell,-0.87
Geneid,GO Biological Processes,19,GO:0034330,cell junction organization,19_GO:0009987 cellular process,-2.7,2.9,3.7,20504,766,91,10,11,3.3,13642|16001|17387|20971|21809|52163|77057|94190|107065|236915,Efnb2|Igf1r|Mmp14|Sdc4|Tgfb3|Camk1|Ston1|Ophn1|Lrrtm2|Arhgef9,-0.87
Geneid,Reactome Gene Sets,6,R-MMU-112314,Neurotransmitter receptors and postsynaptic signal transmission,,-2.7,7.3,4.7,20504,123,91,4,4.4,2.1,52163|66066|110902|236915,Camk1|Gng11|Chrna2|Arhgef9,-0.85
Geneid,KEGG Pathway,24,ko05205,Proteoglycans in cancer,,-2.6,5.5,4.3,20504,206,91,5,5.5,2.4,14173|16001|18710|20971|22415,Fgf2|Igf1r|Pik3r3|Sdc4|Wnt3,-0.84
Geneid,GO Biological Processes,19,GO:0021953,central nervous system neuron differentiation,19_GO:0032502 developmental process,-2.6,5.4,4.3,20504,207,91,5,5.5,2.4,15519|18508|18846|94190|243743,Hsp90aa1|Pax6|Plxna3|Ophn1|Plxna4,-0.83
Geneid,GO Biological Processes,19,GO:0002688,regulation of leukocyte chemotaxis,19_GO:0040011 locomotion,-2.6,7.2,4.6,20504,125,91,4,4.4,2.1,11629|12775|12977|20343,Aif1|Ccr7|Csf1|Sell,-0.83
Geneid,GO Biological Processes,19,GO:0002286,T cell activation involved in immune response,19_GO:0002376 immune system process,-2.6,7.2,4.6,20504,126,91,4,4.4,2.1,12520|12775|16842|60505,Cd81|Ccr7|Lef1|Il21,-0.82
Geneid,GO Biological Processes,19,GO:0048259,regulation of receptor-mediated endocytosis,19_GO:0051179 localization,-2.6,7.2,4.6,20504,126,91,4,4.4,2.1,12775|13642|94190|107065,Ccr7|Efnb2|Ophn1|Lrrtm2,-0.82
Geneid,Reactome Gene Sets,6,R-MMU-9012999,RHO GTPase cycle,,-2.6,3.8,3.9,20504,413,91,7,7.7,2.8,14570|15519|17970|18710|74734|94190|236915,Arhgdig|Hsp90aa1|Ncf2|Pik3r3|Rhoh|Ophn1|Arhgef9,-0.82
Geneid,GO Biological Processes,19,GO:0031345,negative regulation of cell projection organization,19_GO:0048519 negative regulation of biological process,-2.6,5.3,4.2,20504,211,91,5,5.5,2.4,13642|18846|22415|74498|214968,Efnb2|Plxna3|Wnt3|Gorasp1|Sema6d,-0.81
Geneid,KEGG Pathway,24,mmu05205,Proteoglycans in cancer,,-2.6,5.3,4.2,20504,211,91,5,5.5,2.4,14173|16001|18710|20971|22415,Fgf2|Igf1r|Pik3r3|Sdc4|Wnt3,-0.81
Geneid,GO Biological Processes,19,GO:0016049,cell growth,19_GO:0040007 growth,-2.6,3.4,3.7,20504,533,91,8,8.8,3,12520|15519|17387|18846|22415|71653|214968|243743,Cd81|Hsp90aa1|Mmp14|Plxna3|Wnt3|Shtn1|Sema6d|Plxna4,-0.8
Geneid,GO Biological Processes,19,GO:0008361,regulation of cell size,19_GO:0065007 biological regulation,-2.6,5.3,4.2,20504,213,91,5,5.5,2.4,18846|22415|71653|214968|243743,Plxna3|Wnt3|Shtn1|Sema6d|Plxna4,-0.79
Geneid,KEGG Pathway,24,ko04015,Rap1 signaling pathway,,-2.6,5.3,4.2,20504,213,91,5,5.5,2.4,12977|14173|16001|18710|192786,Csf1|Fgf2|Igf1r|Pik3r3|Rapgef6,-0.79
Geneid,Reactome Gene Sets,6,R-MMU-112316,Neuronal System,,-2.6,4.3,4,20504,311,91,6,6.6,2.6,16490|52163|66066|107065|110902|236915,Kcna2|Camk1|Gng11|Lrrtm2|Chrna2|Arhgef9,-0.79
Geneid,WikiPathways,27,WP1270,Endochondral ossification,,-2.6,11,5.2,20504,62,91,3,3.3,1.9,11647|14173|16001,Alpl|Fgf2|Igf1r,-0.79
Geneid,GO Biological Processes,19,GO:0021872,forebrain generation of neurons,19_GO:0032502 developmental process,-2.6,11,5.2,20504,62,91,3,3.3,1.9,16842|18508|18846,Lef1|Pax6|Plxna3,-0.79
Geneid,GO Biological Processes,19,GO:0010171,body morphogenesis,19_GO:0032502 developmental process,-2.6,11,5.2,20504,62,91,3,3.3,1.9,16842|21809|22415,Lef1|Tgfb3|Wnt3,-0.79
Geneid,KEGG Pathway,24,mmu04015,Rap1 signaling pathway,,-2.6,5.2,4.2,20504,215,91,5,5.5,2.4,12977|14173|16001|18710|192786,Csf1|Fgf2|Igf1r|Pik3r3|Rapgef6,-0.79
Geneid,GO Biological Processes,19,GO:0060326,cell chemotaxis,19_GO:0040011 locomotion,-2.6,4.3,4,20504,313,91,6,6.6,2.6,11629|12775|12977|14173|16842|20343,Aif1|Ccr7|Csf1|Fgf2|Lef1|Sell,-0.79
Geneid,GO Biological Processes,19,GO:0014911,positive regulation of smooth muscle cell migration,19_GO:0040011 locomotion,-2.6,11,5.2,20504,63,91,3,3.3,1.9,11629|16195|214968,Aif1|Il6st|Sema6d,-0.78
Geneid,KEGG Pathway,24,ko05212,Pancreatic cancer,,-2.5,11,5.1,20504,64,91,3,3.3,1.9,18710|18805|21809,Pik3r3|Pld1|Tgfb3,-0.76
Geneid,GO Biological Processes,19,GO:0030099,myeloid cell differentiation,19_GO:0002376 immune system process,-2.5,3.7,3.7,20504,428,91,7,7.7,2.8,12520|12775|12977|16842|76044|234396|234515,Cd81|Ccr7|Csf1|Lef1|Ncapg2|Ankle1|Inpp4b,-0.76
Geneid,GO Biological Processes,19,GO:0048639,positive regulation of developmental growth,19_GO:0040007 growth,-2.5,5.1,4.1,20504,221,91,5,5.5,2.4,12977|14173|16001|22415|71653,Csf1|Fgf2|Igf1r|Wnt3|Shtn1,-0.74
Geneid,WikiPathways,27,WP2841,Focal adhesion: PI3K-Akt-mTOR signaling pathway,,-2.5,4.2,3.9,20504,322,91,6,6.6,2.6,12977|14173|15519|16001|66066|216505,Csf1|Fgf2|Hsp90aa1|Igf1r|Gng11|Pik3ip1,-0.74
Geneid,KEGG Pathway,24,mmu05212,Pancreatic cancer,,-2.5,10,5,20504,66,91,3,3.3,1.9,18710|18805|21809,Pik3r3|Pld1|Tgfb3,-0.73
Geneid,GO Biological Processes,19,GO:0014065,phosphatidylinositol 3-kinase signaling,19_GO:0023052 signaling,-2.5,6.6,4.4,20504,136,91,4,4.4,2.1,14173|16001|26563|216505,Fgf2|Igf1r|Ror1|Pik3ip1,-0.73
Geneid,GO Biological Processes,19,GO:0031623,receptor internalization,19_GO:0051179 localization,-2.5,6.6,4.4,20504,136,91,4,4.4,2.1,12520|13642|94190|107065,Cd81|Efnb2|Ophn1|Lrrtm2,-0.73
Geneid,GO Biological Processes,19,GO:0007160,cell-matrix adhesion,19_GO:0022610 biological adhesion,-2.5,5,4,20504,225,91,5,5.5,2.4,12977|17387|20971|77057|246190,Csf1|Mmp14|Sdc4|Ston1|Otoa,-0.72
Geneid,GO Biological Processes,19,GO:0006897,endocytosis,19_GO:0051179 localization,-2.5,3,3.5,20504,685,91,9,9.9,3.1,11629|12520|12775|13642|74734|77057|94190|107065|108800,Aif1|Cd81|Ccr7|Efnb2|Rhoh|Ston1|Ophn1|Lrrtm2|Ston2,-0.71
Geneid,Reactome Gene Sets,6,R-MMU-204005,COPII-mediated vesicle transport,,-2.5,9.9,4.9,20504,68,91,3,3.3,1.9,11839|14069|74498,Areg|F8|Gorasp1,-0.7
Geneid,GO Biological Processes,19,GO:0034329,cell junction assembly,19_GO:0009987 cellular process,-2.5,3.6,3.6,20504,442,91,7,7.7,2.8,13642|17387|20971|77057|94190|107065|236915,Efnb2|Mmp14|Sdc4|Ston1|Ophn1|Lrrtm2|Arhgef9,-0.69
Geneid,KEGG Pathway,24,ko05218,Melanoma,,-2.4,9.8,4.9,20504,69,91,3,3.3,1.9,14173|16001|18710,Fgf2|Igf1r|Pik3r3,-0.69
Geneid,GO Biological Processes,19,GO:0061138,morphogenesis of a branching epithelium,19_GO:0032502 developmental process,-2.4,4.9,4,20504,230,91,5,5.5,2.4,11839|12977|14173|16842|17387,Areg|Csf1|Fgf2|Lef1|Mmp14,-0.68
Geneid,GO Biological Processes,19,GO:0050771,negative regulation of axonogenesis,19_GO:0048519 negative regulation of biological process,-2.4,9.7,4.8,20504,70,91,3,3.3,1.9,18846|22415|214968,Plxna3|Wnt3|Sema6d,-0.67
Geneid,KEGG Pathway,24,mmu05218,Melanoma,,-2.4,9.7,4.8,20504,70,91,3,3.3,1.9,14173|16001|18710,Fgf2|Igf1r|Pik3r3,-0.67
Geneid,GO Biological Processes,19,GO:0048488,synaptic vesicle endocytosis,19_GO:0051179 localization,-2.4,9.5,4.8,20504,71,91,3,3.3,1.9,77057|94190|108800,Ston1|Ophn1|Ston2,-0.66
Geneid,GO Biological Processes,19,GO:0140238,presynaptic endocytosis,19_GO:0051179 localization,-2.4,9.5,4.8,20504,71,91,3,3.3,1.9,77057|94190|108800,Ston1|Ophn1|Ston2,-0.66
Geneid,GO Biological Processes,19,GO:0042093,T-helper cell differentiation,19_GO:0002376 immune system process,-2.4,9.5,4.8,20504,71,91,3,3.3,1.9,12775|16842|60505,Ccr7|Lef1|Il21,-0.66
Geneid,GO Biological Processes,19,GO:0001558,regulation of cell growth,19_GO:0040007 growth,-2.4,3.5,3.6,20504,450,91,7,7.7,2.8,12520|17387|18846|22415|71653|214968|243743,Cd81|Mmp14|Plxna3|Wnt3|Shtn1|Sema6d|Plxna4,-0.66
Geneid,KEGG Pathway,24,ko05418,Fluid shear stress and atherosclerosis,,-2.4,6.2,4.2,20504,145,91,4,4.4,2.1,15519|17970|18710|20971,Hsp90aa1|Ncf2|Pik3r3|Sdc4,-0.65
Geneid,KEGG Pathway,24,mmu05418,Fluid shear stress and atherosclerosis,,-2.4,6.2,4.2,20504,145,91,4,4.4,2.1,15519|17970|18710|20971,Hsp90aa1|Ncf2|Pik3r3|Sdc4,-0.65
Geneid,KEGG Pathway,24,mmu04520,Adherens junction,,-2.4,9.4,4.8,20504,72,91,3,3.3,1.9,16001|16842|21414,Igf1r|Lef1|Tcf7,-0.65
Geneid,KEGG Pathway,24,ko04520,Adherens junction,,-2.4,9.4,4.8,20504,72,91,3,3.3,1.9,16001|16842|21414,Igf1r|Lef1|Tcf7,-0.65
Geneid,GO Biological Processes,19,GO:0002294,"CD4-positive, alpha-beta T cell differentiation involved in immune response",19_GO:0002376 immune system process,-2.4,9.4,4.8,20504,72,91,3,3.3,1.9,12775|16842|60505,Ccr7|Lef1|Il21,-0.65
Geneid,KEGG Pathway,24,ko04310,Wnt signaling pathway,,-2.4,6.2,4.2,20504,146,91,4,4.4,2.1,16842|21414|22415|106042,Lef1|Tcf7|Wnt3|Prickle1,-0.65
Geneid,GO Biological Processes,19,GO:0002293,alpha-beta T cell differentiation involved in immune response,19_GO:0002376 immune system process,-2.4,9.3,4.7,20504,73,91,3,3.3,1.9,12775|16842|60505,Ccr7|Lef1|Il21,-0.63
Geneid,GO Biological Processes,19,GO:0002573,myeloid leukocyte differentiation,19_GO:0002376 immune system process,-2.4,4.7,3.9,20504,239,91,5,5.5,2.4,12520|12775|12977|16842|234515,Cd81|Ccr7|Csf1|Lef1|Inpp4b,-0.63
Geneid,KEGG Pathway,24,mmu04310,Wnt signaling pathway,,-2.4,6.1,4.1,20504,148,91,4,4.4,2.1,16842|21414|22415|106042,Lef1|Tcf7|Wnt3|Prickle1,-0.63
Geneid,GO Biological Processes,19,GO:0042063,gliogenesis,19_GO:0032502 developmental process,-2.4,3.9,3.7,20504,344,91,6,6.6,2.6,11839|12977|14173|16195|16842|18508,Areg|Csf1|Fgf2|Il6st|Lef1|Pax6,-0.63
Geneid,GO Biological Processes,19,GO:0002287,alpha-beta T cell activation involved in immune response,19_GO:0002376 immune system process,-2.4,9.1,4.7,20504,74,91,3,3.3,1.9,12775|16842|60505,Ccr7|Lef1|Il21,-0.62
Geneid,KEGG Pathway,24,ko04151,PI3K-Akt signaling pathway,,-2.4,3.9,3.6,20504,346,91,6,6.6,2.6,12977|14173|15519|16001|18710|66066,Csf1|Fgf2|Hsp90aa1|Igf1r|Pik3r3|Gng11,-0.62
Geneid,GO Biological Processes,19,GO:0051149,positive regulation of muscle cell differentiation,19_GO:0048518 positive regulation of biological process,-2.3,9,4.6,20504,75,91,3,3.3,1.9,13642|17387|52163,Efnb2|Mmp14|Camk1,-0.61
Geneid,GO Biological Processes,19,GO:0014068,positive regulation of phosphatidylinositol 3-kinase signaling,19_GO:0048518 positive regulation of biological process,-2.3,9,4.6,20504,75,91,3,3.3,1.9,14173|16001|26563,Fgf2|Igf1r|Ror1,-0.61
Geneid,GO Biological Processes,19,GO:0048863,stem cell differentiation,19_GO:0032502 developmental process,-2.3,4.6,3.8,20504,244,91,5,5.5,2.4,14173|18508|22415|106042|214968,Fgf2|Pax6|Wnt3|Prickle1|Sema6d,-0.6
Geneid,KEGG Pathway,24,mmu04151,PI3K-Akt signaling pathway,,-2.3,3.9,3.6,20504,350,91,6,6.6,2.6,12977|14173|15519|16001|18710|66066,Csf1|Fgf2|Hsp90aa1|Igf1r|Pik3r3|Gng11,-0.6
Geneid,GO Biological Processes,19,GO:0045596,negative regulation of cell differentiation,19_GO:0048519 negative regulation of biological process,-2.3,2.8,3.3,20504,723,91,9,9.9,3.1,11839|17385|18508|18846|22415|74498|106042|214968|234515,Areg|Mmp11|Pax6|Plxna3|Wnt3|Gorasp1|Prickle1|Sema6d|Inpp4b,-0.59
Geneid,GO Biological Processes,19,GO:0051129,negative regulation of cellular component organization,19_GO:0048519 negative regulation of biological process,-2.3,2.8,3.3,20504,724,91,9,9.9,3.1,13642|17387|18846|20741|22415|74498|107065|208084|214968,Efnb2|Mmp14|Plxna3|Sptb|Wnt3|Gorasp1|Lrrtm2|Pif1|Sema6d,-0.59
Geneid,GO Biological Processes,19,GO:0002090,regulation of receptor internalization,19_GO:0051179 localization,-2.3,8.8,4.6,20504,77,91,3,3.3,1.9,13642|94190|107065,Efnb2|Ophn1|Lrrtm2,-0.58
Geneid,GO Biological Processes,19,GO:0022612,gland morphogenesis,19_GO:0032502 developmental process,-2.3,5.8,4,20504,155,91,4,4.4,2.1,11839|12977|16001|18508,Areg|Csf1|Igf1r|Pax6,-0.57
Geneid,GO Biological Processes,19,GO:0001763,morphogenesis of a branching structure,19_GO:0032502 developmental process,-2.3,4.5,3.7,20504,249,91,5,5.5,2.4,11839|12977|14173|16842|17387,Areg|Csf1|Fgf2|Lef1|Mmp14,-0.57
Geneid,GO Biological Processes,19,GO:0009988,cell-cell recognition,19_GO:0009987 cellular process,-2.3,8.7,4.5,20504,78,91,3,3.3,1.9,12520|12775|64931,Cd81|Ccr7|Izumo1r,-0.57
Geneid,GO Biological Processes,19,GO:0061180,mammary gland epithelium development,19_GO:0032502 developmental process,-2.3,8.7,4.5,20504,78,91,3,3.3,1.9,11839|12977|14173,Areg|Csf1|Fgf2,-0.57
Geneid,GO Biological Processes,19,GO:0097530,granulocyte migration,19_GO:0040011 locomotion,-2.3,5.7,4,20504,157,91,4,4.4,2.1,12775|12977|20343|74734,Ccr7|Csf1|Sell|Rhoh,-0.56
Geneid,KEGG Pathway,24,ko04630,Jak-STAT signaling pathway,,-2.3,5.7,4,20504,157,91,4,4.4,2.1,12984|16195|18710|60505,Csf2rb2|Il6st|Pik3r3|Il21,-0.56
Geneid,GO Biological Processes,19,GO:0072657,protein localization to membrane,19_GO:0051179 localization,-2.3,3,3.3,20504,602,91,8,8.8,3,12520|15519|17387|74498|76260|192786|236915|330192,Cd81|Hsp90aa1|Mmp14|Gorasp1|Ttc8|Rapgef6|Arhgef9|Vps37b,-0.56
Geneid,GO Biological Processes,19,GO:0048732,gland development,19_GO:0032502 developmental process,-2.3,3.3,3.4,20504,477,91,7,7.7,2.8,11839|12977|14173|16001|16842|18508|21809,Areg|Csf1|Fgf2|Igf1r|Lef1|Pax6|Tgfb3,-0.56
Geneid,GO Biological Processes,19,GO:0002292,T cell differentiation involved in immune response,19_GO:0002376 immune system process,-2.3,8.4,4.5,20504,80,91,3,3.3,1.9,12775|16842|60505,Ccr7|Lef1|Il21,-0.55
Geneid,KEGG Pathway,24,mmu01521,EGFR tyrosine kinase inhibitor resistance,,-2.3,8.4,4.5,20504,80,91,3,3.3,1.9,14173|16001|18710,Fgf2|Igf1r|Pik3r3,-0.55
Geneid,KEGG Pathway,24,ko01521,EGFR tyrosine kinase inhibitor resistance,,-2.3,8.4,4.5,20504,80,91,3,3.3,1.9,14173|16001|18710,Fgf2|Igf1r|Pik3r3,-0.55
Geneid,Reactome Gene Sets,6,R-MMU-449147,Signaling by Interleukins,,-2.3,4.4,3.7,20504,254,91,5,5.5,2.4,12977|12984|16195|18710|60505,Csf1|Csf2rb2|Il6st|Pik3r3|Il21,-0.55
Geneid,Reactome Gene Sets,6,R-MMU-9013404,RAC2 GTPase cycle,,-2.3,8.3,4.4,20504,81,91,3,3.3,1.9,17970|18710|94190,Ncf2|Pik3r3|Ophn1,-0.54
Geneid,KEGG Pathway,24,mmu04630,Jak-STAT signaling pathway,,-2.2,5.6,3.9,20504,160,91,4,4.4,2.1,12984|16195|18710|60505,Csf2rb2|Il6st|Pik3r3|Il21,-0.54
Geneid,GO Biological Processes,19,GO:0099003,vesicle-mediated transport in synapse,19_GO:0051179 localization,-2.2,4.4,3.7,20504,256,91,5,5.5,2.4,13642|18805|77057|94190|108800,Efnb2|Pld1|Ston1|Ophn1|Ston2,-0.54
Geneid,GO Biological Processes,19,GO:0021537,telencephalon development,19_GO:0032502 developmental process,-2.2,4.4,3.6,20504,257,91,5,5.5,2.4,16842|18508|18846|76260|243743,Lef1|Pax6|Plxna3|Ttc8|Plxna4,-0.53
Geneid,GO Biological Processes,19,GO:0036465,synaptic vesicle recycling,19_GO:0051179 localization,-2.2,8.2,4.4,20504,82,91,3,3.3,1.9,77057|94190|108800,Ston1|Ophn1|Ston2,-0.53
Geneid,GO Biological Processes,19,GO:0060627,regulation of vesicle-mediated transport,19_GO:0051179 localization,-2.2,2.9,3.3,20504,612,91,8,8.8,3,12775|13642|18805|20971|77057|94190|107065|108800,Ccr7|Efnb2|Pld1|Sdc4|Ston1|Ophn1|Lrrtm2|Ston2,-0.53
Geneid,GO Biological Processes,19,GO:0050768,negative regulation of neurogenesis,19_GO:0048519 negative regulation of biological process,-2.2,5.6,3.9,20504,162,91,4,4.4,2.1,18846|22415|74498|214968,Plxna3|Wnt3|Gorasp1|Sema6d,-0.53
Geneid,GO Biological Processes,19,GO:0010977,negative regulation of neuron projection development,19_GO:0048519 negative regulation of biological process,-2.2,5.6,3.9,20504,162,91,4,4.4,2.1,13642|18846|22415|214968,Efnb2|Plxna3|Wnt3|Sema6d,-0.53
Geneid,GO Biological Processes,19,GO:0051961,negative regulation of nervous system development,19_GO:0048519 negative regulation of biological process,-2.2,5.4,3.8,20504,166,91,4,4.4,2.1,18846|22415|74498|214968,Plxna3|Wnt3|Gorasp1|Sema6d,-0.5
Geneid,GO Biological Processes,19,GO:0006898,receptor-mediated endocytosis,19_GO:0051179 localization,-2.2,4.3,3.6,20504,265,91,5,5.5,2.4,12520|12775|13642|94190|107065,Cd81|Ccr7|Efnb2|Ophn1|Lrrtm2,-0.49
Geneid,GO Biological Processes,19,GO:0048041,focal adhesion assembly,19_GO:0022610 biological adhesion,-2.2,7.9,4.3,20504,86,91,3,3.3,1.9,17387|20971|77057,Mmp14|Sdc4|Ston1,-0.48
Geneid,GO Biological Processes,19,GO:0030178,negative regulation of Wnt signaling pathway,19_GO:0048519 negative regulation of biological process,-2.2,5.3,3.8,20504,169,91,4,4.4,2.1,15248|83675|106042|114606,Hic1|Bicc1|Prickle1|Tle6,-0.47
Geneid,GO Biological Processes,19,GO:0021675,nerve development,19_GO:0032502 developmental process,-2.2,7.8,4.2,20504,87,91,3,3.3,1.9,16490|18846|243743,Kcna2|Plxna3|Plxna4,-0.47
Geneid,KEGG Pathway,24,ko04914,Progesterone-mediated oocyte maturation,,-2.2,7.8,4.2,20504,87,91,3,3.3,1.9,15519|16001|18710,Hsp90aa1|Igf1r|Pik3r3,-0.47
Geneid,KEGG Pathway,24,ko04666,Fc gamma R-mediated phagocytosis,,-2.2,7.8,4.2,20504,87,91,3,3.3,1.9,18710|18805|50784,Pik3r3|Pld1|Plpp2,-0.47
Geneid,GO Biological Processes,19,GO:0048015,phosphatidylinositol-mediated signaling,19_GO:0023052 signaling,-2.2,5.3,3.8,20504,170,91,4,4.4,2.1,14173|16001|26563|216505,Fgf2|Igf1r|Ror1|Pik3ip1,-0.47
Geneid,KEGG Pathway,24,mmu04666,Fc gamma R-mediated phagocytosis,,-2.2,7.7,4.2,20504,88,91,3,3.3,1.9,18710|18805|50784,Pik3r3|Pld1|Plpp2,-0.47
Geneid,KEGG Pathway,24,mmu04914,Progesterone-mediated oocyte maturation,,-2.2,7.7,4.2,20504,88,91,3,3.3,1.9,15519|16001|18710,Hsp90aa1|Igf1r|Pik3r3,-0.47
Geneid,Reactome Gene Sets,6,R-MMU-6791226,Major pathway of rRNA processing in the nucleolus and cytosol,,-2.1,5.3,3.7,20504,171,91,4,4.4,2.1,19943|20068|67427|114641,Rpl28|Rps17|Rps20|Rpl31,-0.47
Geneid,GO Biological Processes,19,GO:0071897,DNA biosynthetic process,19_GO:0008152 metabolic process,-2.1,5.3,3.7,20504,171,91,4,4.4,2.1,14173|15519|21781|208084,Fgf2|Hsp90aa1|Tfdp1|Pif1,-0.47
Geneid,Reactome Gene Sets,6,R-MMU-8868773,rRNA processing in the nucleus and cytosol,,-2.1,5.3,3.7,20504,171,91,4,4.4,2.1,19943|20068|67427|114641,Rpl28|Rps17|Rps20|Rpl31,-0.47
Geneid,Reactome Gene Sets,6,R-MMU-72312,rRNA processing,,-2.1,5.3,3.7,20504,171,91,4,4.4,2.1,19943|20068|67427|114641,Rpl28|Rps17|Rps20|Rpl31,-0.47
Geneid,GO Biological Processes,19,GO:0051896,regulation of protein kinase B signaling,19_GO:0023052 signaling,-2.1,5.2,3.7,20504,173,91,4,4.4,2.1,14173|15519|16001|234515,Fgf2|Hsp90aa1|Igf1r|Inpp4b,-0.45
Geneid,GO Biological Processes,19,GO:0001655,urogenital system development,19_GO:0032502 developmental process,-2.1,3.5,3.3,20504,386,91,6,6.6,2.6,13642|14173|16001|22393|76260|83675,Efnb2|Fgf2|Igf1r|Wfs1|Ttc8|Bicc1,-0.45
Geneid,KEGG Pathway,24,ko03010,Ribosome,,-2.1,5.2,3.7,20504,174,91,4,4.4,2.1,19943|20068|67427|114641,Rpl28|Rps17|Rps20|Rpl31,-0.44
Geneid,GO Biological Processes,19,GO:0051052,regulation of DNA metabolic process,19_GO:0008152 metabolic process,-2.1,3.5,3.3,20504,388,91,6,6.6,2.6,14173|15519|16001|21781|208084|234396,Fgf2|Hsp90aa1|Igf1r|Tfdp1|Pif1|Ankle1,-0.44
Geneid,KEGG Pathway,24,mmu03010,Ribosome,,-2.1,5.2,3.7,20504,175,91,4,4.4,2.1,19943|20068|67427|114641,Rpl28|Rps17|Rps20|Rpl31,-0.44
Geneid,GO Biological Processes,19,GO:0051017,actin filament bundle assembly,19_GO:0009987 cellular process,-2.1,5.2,3.7,20504,175,91,4,4.4,2.1,11629|20971|21809|76260,Aif1|Sdc4|Tgfb3|Ttc8,-0.44
Geneid,GO Biological Processes,19,GO:0048660,regulation of smooth muscle cell proliferation,19_GO:0050789 regulation of biological process,-2.1,5.1,3.6,20504,178,91,4,4.4,2.1,11629|14173|16001|21809,Aif1|Fgf2|Igf1r|Tgfb3,-0.41
Geneid,GO Biological Processes,19,GO:0021954,central nervous system neuron development,19_GO:0032502 developmental process,-2.1,7.3,4,20504,93,91,3,3.3,1.9,15519|18846|243743,Hsp90aa1|Plxna3|Plxna4,-0.41
Geneid,GO Biological Processes,19,GO:0043410,positive regulation of MAPK cascade,19_GO:0048518 positive regulation of biological process,-2.1,3,3.1,20504,520,91,7,7.7,2.8,12520|12775|14173|16001|21809|21858|26563,Cd81|Ccr7|Fgf2|Igf1r|Tgfb3|Timp2|Ror1,-0.4
Geneid,Reactome Gene Sets,6,R-MMU-194315,Signaling by Rho GTPases,,-2.1,2.8,3.1,20504,652,91,8,8.8,3,12615|14570|15519|17970|18710|74734|94190|236915,Cenpa|Arhgdig|Hsp90aa1|Ncf2|Pik3r3|Rhoh|Ophn1|Arhgef9,-0.4
Geneid,GO Biological Processes,19,GO:0014910,regulation of smooth muscle cell migration,19_GO:0040011 locomotion,-2.1,7.2,4,20504,94,91,3,3.3,1.9,11629|16195|214968,Aif1|Il6st|Sema6d,-0.4
Geneid,GO Biological Processes,19,GO:0009798,axis specification,19_GO:0032502 developmental process,-2.1,7.2,4,20504,94,91,3,3.3,1.9,18508|22415|76260,Pax6|Wnt3|Ttc8,-0.4
Geneid,GO Biological Processes,19,GO:0043367,"CD4-positive, alpha-beta T cell differentiation",19_GO:0002376 immune system process,-2.1,7.2,4,20504,94,91,3,3.3,1.9,12775|16842|60505,Ccr7|Lef1|Il21,-0.4
Geneid,Reactome Gene Sets,6,R-MMU-6811558,"PI5P, PP2A and IER3 Regulate PI3K/AKT Signaling",,-2.1,7.1,4,20504,95,91,3,3.3,1.9,11839|14173|18710,Areg|Fgf2|Pik3r3,-0.39
Geneid,KEGG Pathway,24,ko04144,Endocytosis,,-2,3.9,3.3,20504,286,91,5,5.5,2.4,16001|18805|21809|64931|330192,Igf1r|Pld1|Tgfb3|Izumo1r|Vps37b,-0.39
Geneid,Reactome Gene Sets,6,R-MMU-8856825,Cargo recognition for clathrin-mediated endocytosis,,-2,7,4,20504,96,91,3,3.3,1.9,11839|77057|108800,Areg|Ston1|Ston2,-0.39
Geneid,GO Biological Processes,19,GO:0048864,stem cell development,19_GO:0032502 developmental process,-2,7,4,20504,96,91,3,3.3,1.9,14173|18508|214968,Fgf2|Pax6|Sema6d,-0.39
Geneid,GO Biological Processes,19,GO:0007044,cell-substrate junction assembly,19_GO:0009987 cellular process,-2,7,4,20504,96,91,3,3.3,1.9,17387|20971|77057,Mmp14|Sdc4|Ston1,-0.39
Geneid,KEGG Pathway,24,mmu04144,Endocytosis,,-2,3.9,3.3,20504,287,91,5,5.5,2.4,16001|18805|21809|64931|330192,Igf1r|Pld1|Tgfb3|Izumo1r|Vps37b,-0.38
Geneid,GO Biological Processes,19,GO:0048659,smooth muscle cell proliferation,19_GO:0009987 cellular process,-2,4.9,3.5,20504,184,91,4,4.4,2.1,11629|14173|16001|21809,Aif1|Fgf2|Igf1r|Tgfb3,-0.38
Geneid,GO Biological Processes,19,GO:0048598,embryonic morphogenesis,19_GO:0032502 developmental process,-2,2.7,3,20504,662,91,8,8.8,3,16842|17387|18508|20971|21414|21809|22415|106042,Lef1|Mmp14|Pax6|Sdc4|Tcf7|Tgfb3|Wnt3|Prickle1,-0.38
Geneid,GO Biological Processes,19,GO:0051781,positive regulation of cell division,19_GO:0048518 positive regulation of biological process,-2,7,3.9,20504,97,91,3,3.3,1.9,14173|16001|21809,Fgf2|Igf1r|Tgfb3,-0.38
Geneid,Reactome Gene Sets,6,R-MMU-9006934,Signaling by Receptor Tyrosine Kinases,,-2,3.3,3.2,20504,406,91,6,6.6,2.6,11839|14173|15519|16001|17970|18710,Areg|Fgf2|Hsp90aa1|Igf1r|Ncf2|Pik3r3,-0.37
Geneid,GO Biological Processes,19,GO:0051492,regulation of stress fiber assembly,19_GO:0050789 regulation of biological process,-2,6.9,3.9,20504,98,91,3,3.3,1.9,20971|21809|76260,Sdc4|Tgfb3|Ttc8,-0.37
Geneid,GO Biological Processes,19,GO:0002718,regulation of cytokine production involved in immune response,19_GO:0002376 immune system process,-2,6.9,3.9,20504,98,91,3,3.3,1.9,12520|21809|60505,Cd81|Tgfb3|Il21,-0.37
Geneid,Reactome Gene Sets,6,R-MMU-199991,Membrane Trafficking,,-2,3,3.1,20504,533,91,7,7.7,2.8,11839|14069|74498|77057|108800|270160|330192,Areg|F8|Gorasp1|Ston1|Ston2|Rab39|Vps37b,-0.37
Geneid,Reactome Gene Sets,6,R-MMU-9716542,"Signaling by Rho GTPases, Miro GTPases and RHOBTB3",,-2,2.7,3,20504,667,91,8,8.8,3,12615|14570|15519|17970|18710|74734|94190|236915,Cenpa|Arhgdig|Hsp90aa1|Ncf2|Pik3r3|Rhoh|Ophn1|Arhgef9,-0.37
Geneid,KEGG Pathway,24,mmu05231,Choline metabolism in cancer,,-2,6.8,3.9,20504,99,91,3,3.3,1.9,18710|18805|50784,Pik3r3|Pld1|Plpp2,-0.36
Geneid,KEGG Pathway,24,ko05231,Choline metabolism in cancer,,-2,6.8,3.9,20504,99,91,3,3.3,1.9,18710|18805|50784,Pik3r3|Pld1|Plpp2,-0.36
Geneid,GO Biological Processes,19,GO:0051668,localization within membrane,19_GO:0051179 localization,-2,2.7,3,20504,670,91,8,8.8,3,12520|15519|17387|74498|76260|192786|236915|330192,Cd81|Hsp90aa1|Mmp14|Gorasp1|Ttc8|Rapgef6|Arhgef9|Vps37b,-0.36
Geneid,Reactome Gene Sets,6,R-MMU-112315,Transmission across Chemical Synapses,,-2,4.8,3.5,20504,188,91,4,4.4,2.1,52163|66066|110902|236915,Camk1|Gng11|Chrna2|Arhgef9,-0.36
Geneid_MCODE_ALL,Reactome Gene Sets,6,R-MMU-163125,Post-translational modification: synthesis of GPI-anchored proteins,,-8,66,18,20504,91,17,5,29,11,11647|64931|70574|109979|246190,Alpl|Izumo1r|Cpm|Art3|Otoa,-4.9
Geneid_MCODE_ALL,GO Biological Processes,19,GO:0021604,cranial nerve structural organization,19_GO:0032502 developmental process,-6.9,2.8e+02,29,20504,13,17,3,18,9.2,16490|18846|243743,Kcna2|Plxna3|Plxna4,-4
Geneid_MCODE_ALL,Reactome Gene Sets,6,R-MMU-399954,Sema3A PAK dependent Axon repulsion,,-6.8,2.6e+02,28,20504,14,17,3,18,9.2,15519|18846|243743,Hsp90aa1|Plxna3|Plxna4,-3.9
Geneid_MCODE_ALL,GO Biological Processes,19,GO:0048532,anatomical structure arrangement,19_GO:0032502 developmental process,-6.1,1.6e+02,22,20504,22,17,3,18,9.2,16490|18846|243743,Kcna2|Plxna3|Plxna4,-3.4
Geneid_MCODE_ALL,Reactome Gene Sets,6,R-MMU-1799339,SRP-dependent cotranslational protein targeting to membrane,,-6.1,55,15,20504,88,17,4,24,10,19943|20068|67427|114641,Rpl28|Rps17|Rps20|Rpl31,-3.4
Geneid_MCODE_ALL,Reactome Gene Sets,6,R-MMU-975956,Nonsense Mediated Decay (NMD) independent of the Exon Junction Complex (EJC),,-6.1,54,14,20504,90,17,4,24,10,19943|20068|67427|114641,Rpl28|Rps17|Rps20|Rpl31,-3.4
Geneid_MCODE_ALL,WikiPathways,27,WP163,Cytoplasmic ribosomal proteins,,-6,51,14,20504,95,17,4,24,10,19943|20068|67427|114641,Rpl28|Rps17|Rps20|Rpl31,-3.3
Geneid_MCODE_ALL,Reactome Gene Sets,6,R-MMU-72689,Formation of a pool of free 40S subunits,,-6,50,14,20504,97,17,4,24,10,19943|20068|67427|114641,Rpl28|Rps17|Rps20|Rpl31,-3.3
Geneid_MCODE_ALL,Reactome Gene Sets,6,R-MMU-156827,L13a-mediated translational silencing of Ceruloplasmin expression,,-5.8,45,13,20504,107,17,4,24,10,19943|20068|67427|114641,Rpl28|Rps17|Rps20|Rpl31,-3.2
Geneid_MCODE_ALL,Reactome Gene Sets,6,R-MMU-72706,GTP hydrolysis and joining of the 60S ribosomal subunit,,-5.8,45,13,20504,108,17,4,24,10,19943|20068|67427|114641,Rpl28|Rps17|Rps20|Rpl31,-3.2
Geneid_MCODE_ALL,Reactome Gene Sets,6,R-MMU-975957,Nonsense Mediated Decay (NMD) enhanced by the Exon Junction Complex (EJC),,-5.8,44,13,20504,110,17,4,24,10,19943|20068|67427|114641,Rpl28|Rps17|Rps20|Rpl31,-3.2
Geneid_MCODE_ALL,Reactome Gene Sets,6,R-MMU-927802,Nonsense-Mediated Decay (NMD),,-5.8,44,13,20504,110,17,4,24,10,19943|20068|67427|114641,Rpl28|Rps17|Rps20|Rpl31,-3.2
Geneid_MCODE_ALL,GO Biological Processes,19,GO:0021602,cranial nerve morphogenesis,19_GO:0032502 developmental process,-5.7,1.2e+02,19,20504,30,17,3,18,9.2,16490|18846|243743,Kcna2|Plxna3|Plxna4,-3.2
Geneid_MCODE_ALL,Reactome Gene Sets,6,R-MMU-72737,Cap-dependent Translation Initiation,,-5.7,42,13,20504,115,17,4,24,10,19943|20068|67427|114641,Rpl28|Rps17|Rps20|Rpl31,-3.1
Geneid_MCODE_ALL,Reactome Gene Sets,6,R-MMU-72613,Eukaryotic Translation Initiation,,-5.7,42,13,20504,115,17,4,24,10,19943|20068|67427|114641,Rpl28|Rps17|Rps20|Rpl31,-3.1
Geneid_MCODE_ALL,Reactome Gene Sets,6,R-MMU-373755,Semaphorin interactions,,-5.1,77,15,20504,47,17,3,18,9.2,15519|18846|243743,Hsp90aa1|Plxna3|Plxna4,-2.7
Geneid_MCODE_ALL,Reactome Gene Sets,6,R-MMU-8868773,rRNA processing in the nucleus and cytosol,,-5,28,10,20504,171,17,4,24,10,19943|20068|67427|114641,Rpl28|Rps17|Rps20|Rpl31,-2.6
Geneid_MCODE_ALL,Reactome Gene Sets,6,R-MMU-72312,rRNA processing,,-5,28,10,20504,171,17,4,24,10,19943|20068|67427|114641,Rpl28|Rps17|Rps20|Rpl31,-2.6
Geneid_MCODE_ALL,Reactome Gene Sets,6,R-MMU-6791226,Major pathway of rRNA processing in the nucleolus and cytosol,,-5,28,10,20504,171,17,4,24,10,19943|20068|67427|114641,Rpl28|Rps17|Rps20|Rpl31,-2.6
Geneid_MCODE_ALL,GO Biological Processes,19,GO:0021545,cranial nerve development,19_GO:0032502 developmental process,-5,68,14,20504,53,17,3,18,9.2,16490|18846|243743,Kcna2|Plxna3|Plxna4,-2.6
Geneid_MCODE_ALL,KEGG Pathway,24,ko03010,Ribosome,,-5,28,10,20504,174,17,4,24,10,19943|20068|67427|114641,Rpl28|Rps17|Rps20|Rpl31,-2.6
Geneid_MCODE_ALL,KEGG Pathway,24,mmu03010,Ribosome,,-5,28,10,20504,175,17,4,24,10,19943|20068|67427|114641,Rpl28|Rps17|Rps20|Rpl31,-2.6
Geneid_MCODE_ALL,Reactome Gene Sets,6,R-MMU-204005,COPII-mediated vesicle transport,,-4.6,53,12,20504,68,17,3,18,9.2,11839|14069|74498,Areg|F8|Gorasp1,-2.4
Geneid_MCODE_ALL,Reactome Gene Sets,6,R-MMU-72766,Translation,,-4.6,22,9,20504,220,17,4,24,10,19943|20068|67427|114641,Rpl28|Rps17|Rps20|Rpl31,-2.3
Geneid_MCODE_ALL,GO Biological Processes,19,GO:0021675,nerve development,19_GO:0032502 developmental process,-4.3,42,11,20504,87,17,3,18,9.2,16490|18846|243743,Kcna2|Plxna3|Plxna4,-2.1
Geneid_MCODE_ALL,GO Biological Processes,19,GO:0021954,central nervous system neuron development,19_GO:0032502 developmental process,-4.2,39,11,20504,93,17,3,18,9.2,15519|18846|243743,Hsp90aa1|Plxna3|Plxna4,-2.1
Geneid_MCODE_ALL,GO Biological Processes,19,GO:0060560,developmental growth involved in morphogenesis,19_GO:0040007 growth,-4.2,17,7.9,20504,280,17,4,24,10,11839|15519|18846|243743,Areg|Hsp90aa1|Plxna3|Plxna4,-2
Geneid_MCODE_ALL,Reactome Gene Sets,6,R-MMU-199977,ER to Golgi Anterograde Transport,,-3.7,25,8.4,20504,142,17,3,18,9.2,11839|14069|74498,Areg|F8|Gorasp1,-1.7
Geneid_MCODE_ALL,GO Biological Processes,19,GO:0048675,axon extension,19_GO:0040007 growth,-3.7,25,8.4,20504,143,17,3,18,9.2,15519|18846|243743,Hsp90aa1|Plxna3|Plxna4,-1.7
Geneid_MCODE_ALL,Reactome Gene Sets,6,R-MMU-948021,Transport to the Golgi and subsequent modification,,-3.5,21,7.7,20504,170,17,3,18,9.2,11839|14069|74498,Areg|F8|Gorasp1,-1.5
Geneid_MCODE_ALL,GO Biological Processes,19,GO:1990138,neuron projection extension,19_GO:0040007 growth,-3.2,18,6.9,20504,204,17,3,18,9.2,15519|18846|243743,Hsp90aa1|Plxna3|Plxna4,-1.3
Geneid_MCODE_ALL,GO Biological Processes,19,GO:0021953,central nervous system neuron differentiation,19_GO:0032502 developmental process,-3.2,17,6.9,20504,207,17,3,18,9.2,15519|18846|243743,Hsp90aa1|Plxna3|Plxna4,-1.3
Geneid_MCODE_ALL,Reactome Gene Sets,6,R-MMU-8953854,Metabolism of RNA,,-3,8.8,5.3,20504,546,17,4,24,10,19943|20068|67427|114641,Rpl28|Rps17|Rps20|Rpl31,-1.1
Geneid_MCODE_ALL,GO Biological Processes,19,GO:0010975,regulation of neuron projection development,19_GO:0032502 developmental process,-3,8.8,5.3,20504,550,17,4,24,10,18846|26563|74498|243743,Plxna3|Ror1|Gorasp1|Plxna4,-1.1
Geneid_MCODE_ALL,Reactome Gene Sets,6,R-MMU-446203,Asparagine N-linked glycosylation,,-2.9,14,6.1,20504,254,17,3,18,9.2,11839|14069|74498,Areg|F8|Gorasp1,-1.1
Geneid_MCODE_ALL,Reactome Gene Sets,6,R-MMU-422475,Axon guidance,,-2.9,14,6.1,20504,256,17,3,18,9.2,15519|18846|243743,Hsp90aa1|Plxna3|Plxna4,-1.1
Geneid_MCODE_ALL,Reactome Gene Sets,6,R-MMU-9675108,Nervous system development,,-2.9,14,6.1,20504,257,17,3,18,9.2,15519|18846|243743,Hsp90aa1|Plxna3|Plxna4,-1.1
Geneid_MCODE_ALL,GO Biological Processes,19,GO:0048588,developmental cell growth,19_GO:0040007 growth,-2.9,13,5.8,20504,275,17,3,18,9.2,15519|18846|243743,Hsp90aa1|Plxna3|Plxna4,-1
Geneid_MCODE_ALL,GO Biological Processes,19,GO:0048667,cell morphogenesis involved in neuron differentiation,19_GO:0032502 developmental process,-2.7,7.3,4.8,20504,657,17,4,24,10,15519|18846|74498|243743,Hsp90aa1|Plxna3|Gorasp1|Plxna4,-0.92
Geneid_MCODE_ALL,GO Biological Processes,19,GO:0006412,translation,19_GO:0008152 metabolic process,-2.7,7.1,4.7,20504,677,17,4,24,10,19943|20068|67427|114641,Rpl28|Rps17|Rps20|Rpl31,-0.88
Geneid_MCODE_ALL,GO Biological Processes,19,GO:0043043,peptide biosynthetic process,19_GO:0008152 metabolic process,-2.6,6.9,4.6,20504,701,17,4,24,10,19943|20068|67427|114641,Rpl28|Rps17|Rps20|Rpl31,-0.84
Geneid_MCODE_ALL,GO Biological Processes,19,GO:0048812,neuron projection morphogenesis,19_GO:0032502 developmental process,-2.6,6.8,4.5,20504,710,17,4,24,10,15519|18846|74498|243743,Hsp90aa1|Plxna3|Gorasp1|Plxna4,-0.82
Geneid_MCODE_ALL,GO Biological Processes,19,GO:0120039,plasma membrane bounded cell projection morphogenesis,19_GO:0032502 developmental process,-2.6,6.7,4.5,20504,725,17,4,24,10,15519|18846|74498|243743,Hsp90aa1|Plxna3|Gorasp1|Plxna4,-0.8
Geneid_MCODE_ALL,GO Biological Processes,19,GO:0048858,cell projection morphogenesis,19_GO:0032502 developmental process,-2.6,6.6,4.4,20504,730,17,4,24,10,15519|18846|74498|243743,Hsp90aa1|Plxna3|Gorasp1|Plxna4,-0.79
Geneid_MCODE_ALL,GO Biological Processes,19,GO:0120035,regulation of plasma membrane bounded cell projection organization,19_GO:0050789 regulation of biological process,-2.6,6.5,4.4,20504,737,17,4,24,10,18846|26563|74498|243743,Plxna3|Ror1|Gorasp1|Plxna4,-0.79
Geneid_MCODE_ALL,GO Biological Processes,19,GO:0032990,cell part morphogenesis,19_GO:0032502 developmental process,-2.5,6.4,4.4,20504,753,17,4,24,10,15519|18846|74498|243743,Hsp90aa1|Plxna3|Gorasp1|Plxna4,-0.76
Geneid_MCODE_ALL,GO Biological Processes,19,GO:0031344,regulation of cell projection organization,19_GO:0050789 regulation of biological process,-2.5,6.4,4.4,20504,753,17,4,24,10,18846|26563|74498|243743,Plxna3|Ror1|Gorasp1|Plxna4,-0.76
Geneid_MCODE_ALL,GO Biological Processes,19,GO:0033674,positive regulation of kinase activity,19_GO:0048518 positive regulation of biological process,-2.3,8.3,4.4,20504,437,17,3,18,9.2,11839|15519|26563,Areg|Hsp90aa1|Ror1,-0.56
Geneid_MCODE_ALL,GO Biological Processes,19,GO:0031346,positive regulation of cell projection organization,19_GO:0048518 positive regulation of biological process,-2.3,8.2,4.4,20504,441,17,3,18,9.2,18846|26563|243743,Plxna3|Ror1|Plxna4,-0.56
Geneid_MCODE_ALL,GO Biological Processes,19,GO:0050767,regulation of neurogenesis,19_GO:0032502 developmental process,-2.2,8,4.3,20504,451,17,3,18,9.2,18846|74498|243743,Plxna3|Gorasp1|Plxna4,-0.54
Geneid_MCODE_ALL,Reactome Gene Sets,6,R-MMU-1266738,Developmental Biology,,-2.2,8,4.3,20504,454,17,3,18,9.2,15519|18846|243743,Hsp90aa1|Plxna3|Plxna4,-0.53
Geneid_MCODE_ALL,GO Biological Processes,19,GO:0007409,axonogenesis,19_GO:0032502 developmental process,-2.2,7.4,4.1,20504,487,17,3,18,9.2,15519|18846|243743,Hsp90aa1|Plxna3|Plxna4,-0.47
Geneid_MCODE_ALL,GO Biological Processes,19,GO:0051347,positive regulation of transferase activity,19_GO:0065007 biological regulation,-2.1,6.9,4,20504,521,17,3,18,9.2,11839|15519|26563,Areg|Hsp90aa1|Ror1,-0.4
Geneid_MCODE_ALL,GO Biological Processes,19,GO:0061564,axon development,19_GO:0032502 developmental process,-2,6.8,3.9,20504,531,17,3,18,9.2,15519|18846|243743,Hsp90aa1|Plxna3|Plxna4,-0.39
Geneid_MCODE_ALL,Reactome Gene Sets,6,R-MMU-199991,Membrane Trafficking,,-2,6.8,3.9,20504,533,17,3,18,9.2,11839|14069|74498,Areg|F8|Gorasp1,-0.38
Geneid_MCODE_ALL,GO Biological Processes,19,GO:0016049,cell growth,19_GO:0040007 growth,-2,6.8,3.9,20504,533,17,3,18,9.2,15519|18846|243743,Hsp90aa1|Plxna3|Plxna4,-0.38
Geneid_MCODE_ALL,GO Biological Processes,19,GO:0051960,regulation of nervous system development,19_GO:0032502 developmental process,-2,6.6,3.8,20504,550,17,3,18,9.2,18846|74498|243743,Plxna3|Gorasp1|Plxna4,-0.36
Geneid_SUB1_MCODE_1,Reactome Gene Sets,6,R-MMU-1799339,SRP-dependent cotranslational protein targeting to membrane,,-8.8,1.9e+02,27,20504,88,5,4,80,18,19943|20068|67427|114641,Rpl28|Rps17|Rps20|Rpl31,-5.1
Geneid_SUB1_MCODE_1,Reactome Gene Sets,6,R-MMU-975956,Nonsense Mediated Decay (NMD) independent of the Exon Junction Complex (EJC),,-8.8,1.8e+02,27,20504,90,5,4,80,18,19943|20068|67427|114641,Rpl28|Rps17|Rps20|Rpl31,-5.1
Geneid_SUB1_MCODE_1,WikiPathways,27,WP163,Cytoplasmic ribosomal proteins,,-8.7,1.7e+02,26,20504,95,5,4,80,18,19943|20068|67427|114641,Rpl28|Rps17|Rps20|Rpl31,-5.1
Geneid_SUB1_MCODE_1,Reactome Gene Sets,6,R-MMU-72689,Formation of a pool of free 40S subunits,,-8.6,1.7e+02,26,20504,97,5,4,80,18,19943|20068|67427|114641,Rpl28|Rps17|Rps20|Rpl31,-5.1
Geneid_SUB1_MCODE_1,Reactome Gene Sets,6,R-MMU-156827,L13a-mediated translational silencing of Ceruloplasmin expression,,-8.5,1.5e+02,25,20504,107,5,4,80,18,19943|20068|67427|114641,Rpl28|Rps17|Rps20|Rpl31,-5.1
Geneid_SUB1_MCODE_1,Reactome Gene Sets,6,R-MMU-72706,GTP hydrolysis and joining of the 60S ribosomal subunit,,-8.4,1.5e+02,25,20504,108,5,4,80,18,19943|20068|67427|114641,Rpl28|Rps17|Rps20|Rpl31,-5.1
Geneid_SUB1_MCODE_1,Reactome Gene Sets,6,R-MMU-975957,Nonsense Mediated Decay (NMD) enhanced by the Exon Junction Complex (EJC),,-8.4,1.5e+02,24,20504,110,5,4,80,18,19943|20068|67427|114641,Rpl28|Rps17|Rps20|Rpl31,-5.1
Geneid_SUB1_MCODE_1,Reactome Gene Sets,6,R-MMU-927802,Nonsense-Mediated Decay (NMD),,-8.4,1.5e+02,24,20504,110,5,4,80,18,19943|20068|67427|114641,Rpl28|Rps17|Rps20|Rpl31,-5.1
Geneid_SUB1_MCODE_1,Reactome Gene Sets,6,R-MMU-72613,Eukaryotic Translation Initiation,,-8.3,1.4e+02,24,20504,115,5,4,80,18,19943|20068|67427|114641,Rpl28|Rps17|Rps20|Rpl31,-5.1
Geneid_SUB1_MCODE_1,Reactome Gene Sets,6,R-MMU-72737,Cap-dependent Translation Initiation,,-8.3,1.4e+02,24,20504,115,5,4,80,18,19943|20068|67427|114641,Rpl28|Rps17|Rps20|Rpl31,-5.1
Geneid_SUB1_MCODE_1,Reactome Gene Sets,6,R-MMU-6791226,Major pathway of rRNA processing in the nucleolus and cytosol,,-7.6,96,19,20504,171,5,4,80,18,19943|20068|67427|114641,Rpl28|Rps17|Rps20|Rpl31,-4.6
Geneid_SUB1_MCODE_1,Reactome Gene Sets,6,R-MMU-8868773,rRNA processing in the nucleus and cytosol,,-7.6,96,19,20504,171,5,4,80,18,19943|20068|67427|114641,Rpl28|Rps17|Rps20|Rpl31,-4.6
Geneid_SUB1_MCODE_1,Reactome Gene Sets,6,R-MMU-72312,rRNA processing,,-7.6,96,19,20504,171,5,4,80,18,19943|20068|67427|114641,Rpl28|Rps17|Rps20|Rpl31,-4.6
Geneid_SUB1_MCODE_1,KEGG Pathway,24,ko03010,Ribosome,,-7.6,94,19,20504,174,5,4,80,18,19943|20068|67427|114641,Rpl28|Rps17|Rps20|Rpl31,-4.6
Geneid_SUB1_MCODE_1,KEGG Pathway,24,mmu03010,Ribosome,,-7.6,94,19,20504,175,5,4,80,18,19943|20068|67427|114641,Rpl28|Rps17|Rps20|Rpl31,-4.6
Geneid_SUB1_MCODE_1,Reactome Gene Sets,6,R-MMU-72766,Translation,,-7.2,75,17,20504,220,5,4,80,18,19943|20068|67427|114641,Rpl28|Rps17|Rps20|Rpl31,-4.3
Geneid_SUB1_MCODE_1,Reactome Gene Sets,6,R-MMU-8953854,Metabolism of RNA,,-5.6,30,11,20504,546,5,4,80,18,19943|20068|67427|114641,Rpl28|Rps17|Rps20|Rpl31,-3.1
Geneid_SUB1_MCODE_1,GO Biological Processes,19,GO:0006412,translation,19_GO:0008152 metabolic process,-5.2,24,9.6,20504,677,5,4,80,18,19943|20068|67427|114641,Rpl28|Rps17|Rps20|Rpl31,-2.8
Geneid_SUB1_MCODE_1,GO Biological Processes,19,GO:0043043,peptide biosynthetic process,19_GO:0008152 metabolic process,-5.2,23,9.4,20504,701,5,4,80,18,19943|20068|67427|114641,Rpl28|Rps17|Rps20|Rpl31,-2.7
Geneid_SUB2_MCODE_2,Reactome Gene Sets,6,R-MMU-163125,Post-translational modification: synthesis of GPI-anchored proteins,,-12,2.3e+02,33,20504,91,5,5,1e+02,18,11647|64931|70574|109979|246190,Alpl|Izumo1r|Cpm|Art3|Otoa,-7.5
Geneid_SUB1_MCODE_3,Reactome Gene Sets,6,R-MMU-399954,Sema3A PAK dependent Axon repulsion,,-9,1.1e+03,57,20504,14,4,3,75,22,15519|18846|243743,Hsp90aa1|Plxna3|Plxna4,-5.1
Geneid_SUB1_MCODE_3,Reactome Gene Sets,6,R-MMU-373755,Semaphorin interactions,,-7.3,3.3e+02,31,20504,47,4,3,75,22,15519|18846|243743,Hsp90aa1|Plxna3|Plxna4,-4.4
Geneid_SUB1_MCODE_3,GO Biological Processes,19,GO:0021954,central nervous system neuron development,19_GO:0032502 developmental process,-6.4,1.7e+02,22,20504,93,4,3,75,22,15519|18846|243743,Hsp90aa1|Plxna3|Plxna4,-3.6
Geneid_SUB1_MCODE_3,GO Biological Processes,19,GO:0048675,axon extension,19_GO:0040007 growth,-5.9,1.1e+02,18,20504,143,4,3,75,22,15519|18846|243743,Hsp90aa1|Plxna3|Plxna4,-3.3
Geneid_SUB1_MCODE_3,GO Biological Processes,19,GO:1990138,neuron projection extension,19_GO:0040007 growth,-5.4,75,15,20504,204,4,3,75,22,15519|18846|243743,Hsp90aa1|Plxna3|Plxna4,-2.9
Geneid_SUB1_MCODE_3,GO Biological Processes,19,GO:0021953,central nervous system neuron differentiation,19_GO:0032502 developmental process,-5.4,74,15,20504,207,4,3,75,22,15519|18846|243743,Hsp90aa1|Plxna3|Plxna4,-2.9
Geneid_SUB1_MCODE_3,Reactome Gene Sets,6,R-MMU-422475,Axon guidance,,-5.1,60,13,20504,256,4,3,75,22,15519|18846|243743,Hsp90aa1|Plxna3|Plxna4,-2.7
Geneid_SUB1_MCODE_3,Reactome Gene Sets,6,R-MMU-9675108,Nervous system development,,-5.1,60,13,20504,257,4,3,75,22,15519|18846|243743,Hsp90aa1|Plxna3|Plxna4,-2.7
Geneid_SUB1_MCODE_3,GO Biological Processes,19,GO:0048588,developmental cell growth,19_GO:0040007 growth,-5,56,13,20504,275,4,3,75,22,15519|18846|243743,Hsp90aa1|Plxna3|Plxna4,-2.6
Geneid_SUB1_MCODE_3,GO Biological Processes,19,GO:0060560,developmental growth involved in morphogenesis,19_GO:0040007 growth,-5,55,13,20504,280,4,3,75,22,15519|18846|243743,Hsp90aa1|Plxna3|Plxna4,-2.6
Geneid_SUB1_MCODE_3,GO Biological Processes,19,GO:0031346,positive regulation of cell projection organization,19_GO:0048518 positive regulation of biological process,-4.4,35,10,20504,441,4,3,75,22,18846|26563|243743,Plxna3|Ror1|Plxna4,-2.2
Geneid_SUB1_MCODE_3,Reactome Gene Sets,6,R-MMU-1266738,Developmental Biology,,-4.4,34,9.9,20504,454,4,3,75,22,15519|18846|243743,Hsp90aa1|Plxna3|Plxna4,-2.2
Geneid_SUB1_MCODE_3,GO Biological Processes,19,GO:0007409,axonogenesis,19_GO:0032502 developmental process,-4.3,32,9.5,20504,487,4,3,75,22,15519|18846|243743,Hsp90aa1|Plxna3|Plxna4,-2.1
Geneid_SUB1_MCODE_3,GO Biological Processes,19,GO:0061564,axon development,19_GO:0032502 developmental process,-4.2,29,9.1,20504,531,4,3,75,22,15519|18846|243743,Hsp90aa1|Plxna3|Plxna4,-2
Geneid_SUB1_MCODE_3,GO Biological Processes,19,GO:0016049,cell growth,19_GO:0040007 growth,-4.2,29,9.1,20504,533,4,3,75,22,15519|18846|243743,Hsp90aa1|Plxna3|Plxna4,-2
Geneid_SUB1_MCODE_3,GO Biological Processes,19,GO:0010975,regulation of neuron projection development,19_GO:0032502 developmental process,-4.1,28,9,20504,550,4,3,75,22,18846|26563|243743,Plxna3|Ror1|Plxna4,-2
Geneid_SUB1_MCODE_3,GO Biological Processes,19,GO:0048667,cell morphogenesis involved in neuron differentiation,19_GO:0032502 developmental process,-3.9,23,8.2,20504,657,4,3,75,22,15519|18846|243743,Hsp90aa1|Plxna3|Plxna4,-1.8
Geneid_SUB1_MCODE_3,GO Biological Processes,19,GO:0048812,neuron projection morphogenesis,19_GO:0032502 developmental process,-3.8,22,7.8,20504,710,4,3,75,22,15519|18846|243743,Hsp90aa1|Plxna3|Plxna4,-1.7
Geneid_SUB1_MCODE_3,GO Biological Processes,19,GO:0120039,plasma membrane bounded cell projection morphogenesis,19_GO:0032502 developmental process,-3.8,21,7.7,20504,725,4,3,75,22,15519|18846|243743,Hsp90aa1|Plxna3|Plxna4,-1.7
Geneid_SUB1_MCODE_3,GO Biological Processes,19,GO:0048858,cell projection morphogenesis,19_GO:0032502 developmental process,-3.8,21,7.7,20504,730,4,3,75,22,15519|18846|243743,Hsp90aa1|Plxna3|Plxna4,-1.7
Geneid_SUB1_MCODE_3,GO Biological Processes,19,GO:0120035,regulation of plasma membrane bounded cell projection organization,19_GO:0050789 regulation of biological process,-3.7,21,7.7,20504,737,4,3,75,22,18846|26563|243743,Plxna3|Ror1|Plxna4,-1.7
Geneid_SUB1_MCODE_3,GO Biological Processes,19,GO:0032990,cell part morphogenesis,19_GO:0032502 developmental process,-3.7,20,7.6,20504,753,4,3,75,22,15519|18846|243743,Hsp90aa1|Plxna3|Plxna4,-1.7
Geneid_SUB1_MCODE_3,GO Biological Processes,19,GO:0031344,regulation of cell projection organization,19_GO:0050789 regulation of biological process,-3.7,20,7.6,20504,753,4,3,75,22,18846|26563|243743,Plxna3|Ror1|Plxna4,-1.7
Geneid_SUB1_MCODE_3,GO Biological Processes,19,GO:0030155,regulation of cell adhesion,19_GO:0022610 biological adhesion,-3.7,20,7.5,20504,772,4,3,75,22,15519|18846|243743,Hsp90aa1|Plxna3|Plxna4,-1.7
Geneid_SUB1_MCODE_4,Reactome Gene Sets,6,R-MMU-204005,COPII-mediated vesicle transport,,-7.5,3e+02,30,20504,68,3,3,1e+02,27,11839|14069|74498,Areg|F8|Gorasp1,-4.5
Geneid_SUB1_MCODE_4,Reactome Gene Sets,6,R-MMU-199977,ER to Golgi Anterograde Transport,,-6.5,1.4e+02,21,20504,142,3,3,1e+02,27,11839|14069|74498,Areg|F8|Gorasp1,-3.6
Geneid_SUB1_MCODE_4,Reactome Gene Sets,6,R-MMU-948021,Transport to the Golgi and subsequent modification,,-6.3,1.2e+02,19,20504,170,3,3,1e+02,27,11839|14069|74498,Areg|F8|Gorasp1,-3.5
Geneid_SUB1_MCODE_4,Reactome Gene Sets,6,R-MMU-446203,Asparagine N-linked glycosylation,,-5.7,81,15,20504,254,3,3,1e+02,27,11839|14069|74498,Areg|F8|Gorasp1,-3.2
Geneid_SUB1_MCODE_4,Reactome Gene Sets,6,R-MMU-199991,Membrane Trafficking,,-4.8,38,11,20504,533,3,3,1e+02,27,11839|14069|74498,Areg|F8|Gorasp1,-2.4
Geneid_SUB1_MCODE_4,Reactome Gene Sets,6,R-MMU-5653656,Vesicle-mediated transport,,-4.7,36,10,20504,566,3,3,1e+02,27,11839|14069|74498,Areg|F8|Gorasp1,-2.4
